APY,APY_BASE,APY_REWARD,TVL,DATE
0.04457,0.04457,,5067,2023-02-13T23:01:01.424Z
0.19279,0.19279,,15866,2023-02-14T23:01:08.738Z
1.74679,1.74679,,6495,2023-02-15T23:01:10.417Z
2.44537,2.44537,,4801,2023-02-16T23:00:59.897Z
2.68303,2.68303,,4818,2023-02-17T23:00:58.921Z
1.73953,1.73953,,57845,2023-02-18T23:01:02.363Z
2.91282,2.91282,,35086,2023-02-19T23:01:17.187Z
3.08022,3.08022,,53241,2023-02-20T23:01:03.038Z
1.76135,1.76135,,147716,2023-02-21T23:01:11.643Z
2.59049,2.59049,,92121,2023-02-22T23:00:59.701Z
0.06249,0.06249,,2809057,2023-02-23T23:01:03.904Z
1.58394,1.58394,,1193088,2023-02-24T23:01:10.642Z
1.94059,1.94059,,1078655,2023-02-25T23:01:03.050Z
2.31497,2.31497,,875996,2023-02-26T23:00:58.782Z
2.22003,2.22003,,978012,2023-02-27T23:01:04.341Z
2.16497,2.16497,,1100648,2023-02-28T23:01:11.840Z
3.00414,3.00414,,592785,2023-03-01T23:01:13.690Z
3.55285,3.55285,,481794,2023-03-02T23:01:15.224Z
3.1822,3.1822,,532433,2023-03-03T23:01:10.951Z
3.21696,3.21696,,518795,2023-03-04T23:01:01.391Z
1.51946,1.51946,,2823233,2023-03-05T23:01:15.810Z
2.24855,2.24855,,1769459,2023-03-06T23:01:06.478Z
2.61702,2.61702,,1444643,2023-03-07T23:01:02.881Z
2.44071,2.44071,,1712497,2023-03-08T23:01:11.147Z
2.38985,2.38985,,1935856,2023-03-09T23:01:09.054Z
1.5518,1.5518,,4380662,2023-03-10T23:01:04.936Z
67.93641,67.93641,,18075,2023-03-11T23:01:00.449Z
68.37439,68.37439,,1511,2023-03-12T23:01:15.883Z
2.94744,2.94744,,5291701,2023-03-13T23:01:06.739Z
3.02562,3.02562,,4064924,2023-03-14T23:01:06.754Z
2.48641,2.48641,,6888098,2023-03-15T23:01:08.011Z
2.37987,2.37987,,7670264,2023-03-16T23:01:18.698Z
2.7153,2.7153,,5901331,2023-03-17T23:01:18.338Z
2.45797,2.45797,,7816851,2023-03-18T23:01:03.829Z
2.37919,2.37919,,8447669,2023-03-19T23:01:10.279Z
2.6345,2.6345,,7502219,2023-03-20T23:01:09.786Z
2.43555,2.43555,,8649992,2023-03-21T23:01:28.710Z
2.2588,2.2588,,9803752,2023-03-22T23:01:12.364Z
2.45573,2.45573,,7617577,2023-03-23T23:01:12.994Z
2.46718,2.46718,,7787196,2023-03-24T23:01:04.570Z
1.43481,1.43481,,18382023,2023-03-25T23:01:08.138Z
2.41155,2.41155,,10236182,2023-03-26T23:01:32.408Z
2.04573,2.04573,,14426430,2023-03-27T23:01:22.114Z
2.2231,2.2231,,12312149,2023-03-28T23:01:05.673Z
2.19374,2.19374,,13381750,2023-03-29T23:01:04.808Z
2.27649,2.27649,,13247537,2023-03-30T23:01:18.141Z
1.9723,1.9723,,17456479,2023-03-31T23:01:12.152Z
1.46244,1.46244,,23059924,2023-04-01T23:01:09.128Z
1.73037,1.73037,,18324745,2023-04-02T23:01:08.023Z
1.59298,1.59298,,23615524,2023-04-03T23:01:07.822Z
1.76944,1.76944,,20107017,2023-04-04T23:01:27.925Z
2.22662,2.22662,,14120669,2023-04-05T23:01:18.786Z
2.77147,2.77147,,8332207,2023-04-06T23:01:06.086Z
2.77805,2.77805,,8272911,2023-04-07T23:01:06.266Z
2.28764,2.28764,,13418726,2023-04-08T23:01:17.999Z
2.24759,2.24759,,13866902,2023-04-09T23:01:07.320Z
2.38528,2.38528,,12506610,2023-04-10T23:01:20.154Z
2.49301,2.49301,,11888327,2023-04-11T23:01:28.463Z
2.55124,2.55124,,11294459,2023-04-12T23:01:22.625Z
2.77142,2.77142,,10213519,2023-04-13T23:01:13.700Z
2.75201,2.75201,,10370307,2023-04-14T23:01:06.941Z
2.42312,2.42312,,14455793,2023-04-15T23:01:10.998Z
1.94379,1.94379,,19828869,2023-04-16T23:01:32.691Z
2.35295,2.35295,,14058967,2023-04-17T23:01:06.139Z
2.3222,2.3222,,14498447,2023-04-18T23:01:16.484Z
2.43444,2.43444,,13349645,2023-04-19T23:01:12.118Z
2.44264,2.44264,,13221985,2023-04-20T23:01:35.251Z
1.794,1.794,,20583520,2023-04-21T23:01:13.494Z
2.10425,2.10425,,16746934,2023-04-22T23:01:07.039Z
2.11976,2.11976,,17269736,2023-04-23T23:01:14.062Z
1.9646,1.9646,,19105012,2023-04-24T23:01:16.874Z
2.0906,2.0906,,18043169,2023-04-25T23:01:21.281Z
2.53109,2.53109,,12719411,2023-04-26T23:01:30.412Z
2.23289,2.23289,,16885717,2023-04-27T23:01:06.929Z
1.75599,1.75599,,25008993,2023-04-28T23:00:59.050Z
2.0084,2.0084,,21169795,2023-04-29T23:01:07.777Z
2.18242,2.18242,,17538026,2023-04-30T23:01:09.569Z
2.16759,2.16759,,18005469,2023-05-01T23:00:59.459Z
2.11354,2.11354,,19044453,2023-05-02T23:01:02.663Z
2.17826,2.17826,,17969530,2023-05-03T23:00:59.772Z
2.36055,2.36055,,15836083,2023-05-04T23:01:12.845Z
2.47868,2.47868,,14503632,2023-05-05T23:01:07.334Z
2.59887,2.59887,,13128390,2023-05-06T23:01:02.646Z
2.73135,2.73135,,11712815,2023-05-07T23:00:58.760Z
2.81742,2.81742,,10425759,2023-05-08T23:00:58.809Z
2.51423,2.51423,,14119958,2023-05-09T23:01:03.910Z
2.49138,2.49138,,14440339,2023-05-10T23:00:59.532Z
2.48984,2.48984,,14321717,2023-05-11T23:01:06.144Z
2.61503,2.61503,,12774340,2023-05-12T23:01:08.822Z
2.60828,2.60828,,12846938,2023-05-13T23:01:04.152Z
2.68815,2.68815,,11767307,2023-05-14T23:01:27.495Z
2.67244,2.67244,,12260093,2023-05-15T23:01:10.572Z
2.74272,2.74272,,11431513,2023-05-16T23:01:21.552Z
2.38851,2.38851,,15996758,2023-05-17T23:01:02.373Z
2.90332,2.90332,,9522402,2023-05-18T23:01:13.651Z
2.16057,2.16057,,19761865,2023-05-19T23:01:10.000Z
2.13231,2.13231,,20265091,2023-05-20T23:01:11.453Z
2.26618,2.26618,,18145569,2023-05-21T23:01:09.823Z
2.5559,2.5559,,18076977,2023-05-22T23:00:58.728Z
2.41783,2.41783,,20008412,2023-05-23T23:01:05.613Z
2.02886,2.02886,,24785926,2023-05-24T23:00:59.973Z
2.113,2.113,,23683402,2023-05-25T23:01:10.637Z
2.07484,2.07484,,24381229,2023-05-26T23:01:02.791Z
2.09052,2.09052,,24176107,2023-05-27T23:01:05.308Z
2.38852,2.38852,,20199403,2023-05-28T23:01:10.579Z
2.36106,2.36106,,20709953,2023-05-29T23:01:16.863Z
2.43193,2.43193,,19856239,2023-05-30T23:02:09.520Z
2.32801,2.32801,,21838866,2023-05-31T23:00:58.112Z
2.34972,2.34972,,21552817,2023-06-01T23:01:18.508Z
2.41449,2.41449,,20772325,2023-06-02T23:01:10.697Z
2.27674,2.27674,,23149830,2023-06-03T23:00:58.744Z
2.29288,2.29288,,22880683,2023-06-04T23:00:59.113Z
1.99245,1.99245,,29235595,2023-06-05T23:01:09.906Z
2.02575,2.02575,,28818916,2023-06-06T23:01:09.292Z
2.5003,2.5003,,23489659,2023-06-07T23:01:01.929Z
2.52506,2.52506,,23201964,2023-06-08T23:01:20.028Z
2.30583,2.30583,,27574518,2023-06-09T23:01:31.403Z
2.80276,2.80276,,19246354,2023-06-10T23:01:00.674Z
2.75714,2.75714,,20021522,2023-06-11T23:00:56.707Z
2.56715,2.56715,,23580813,2023-06-12T23:01:05.405Z
2.30014,2.30014,,28897716,2023-06-13T23:01:18.318Z
0.96342,0.96342,,99541856,2023-06-14T23:01:03.326Z
1.22484,1.22484,,77871320,2023-06-15T23:01:03.021Z
1.45501,1.45501,,63519859,2023-06-16T23:01:15.782Z
1.52603,1.52603,,60034739,2023-06-17T23:01:28.255Z
1.55972,1.55972,,59032460,2023-06-18T23:01:24.372Z
1.79898,1.79898,,51055181,2023-06-19T23:01:11.610Z
1.94972,1.94972,,46954752,2023-06-20T23:01:21.106Z
2.18748,2.18748,,40753880,2023-06-21T23:01:30.559Z
2.42168,2.42168,,35931446,2023-06-22T23:01:03.535Z
2.74681,2.74681,,28836302,2023-06-23T23:01:02.515Z
2.75358,2.75358,,28795720,2023-06-24T23:01:15.006Z
5.02615,5.02615,,25796877,2023-06-25T23:01:07.998Z
2.71572,2.71572,,30015132,2023-06-26T23:01:00.609Z
2.34987,2.34987,,37387763,2023-06-27T23:01:09.108Z
2.39725,2.39725,,36451670,2023-06-28T23:00:59.543Z
2.23971,2.23971,,40193999,2023-06-29T23:00:57.990Z
1.57288,1.57288,,67390172,2023-06-30T23:01:15.891Z
1.60868,1.60868,,66268252,2023-07-01T23:01:17.288Z
1.63779,1.63779,,65251259,2023-07-02T23:01:22.704Z
1.74306,1.74306,,61588845,2023-07-03T23:01:11.924Z
1.98359,1.98359,,53166422,2023-07-04T23:01:22.072Z
2.14044,2.14044,,47388118,2023-07-05T23:01:15.758Z
2.2085,2.2085,,45790729,2023-07-06T23:01:11.858Z
2.3643,2.3643,,40350513,2023-07-07T23:01:21.938Z
2.45058,2.45058,,37872444,2023-07-08T23:02:05.028Z
2.47305,2.47305,,37387421,2023-07-09T23:01:18.376Z
2.44567,2.44567,,37981861,2023-07-10T23:01:14.505Z
2.48683,2.48683,,36933103,2023-07-11T23:01:02.859Z
2.56864,2.56864,,35405100,2023-07-12T23:01:13.091Z
3.41617,3.41617,,30001104,2023-07-13T23:00:57.728Z
2.84461,2.84461,,32683347,2023-07-14T23:01:17.877Z
2.78847,2.78847,,33868440,2023-07-15T23:01:11.721Z
2.71695,2.71695,,35510069,2023-07-16T23:01:14.033Z
2.65924,2.65924,,37155793,2023-07-17T23:01:11.858Z
2.59381,2.59381,,39260590,2023-07-18T23:01:04.644Z
2.56636,2.56636,,40329227,2023-07-19T23:01:22.772Z
2.81688,2.81688,,33024786,2023-07-20T23:01:12.236Z
2.81521,2.81521,,33070469,2023-07-21T23:01:06.905Z
2.77015,2.77015,,34323650,2023-07-22T23:00:56.381Z
2.58982,2.58982,,39816256,2023-07-23T23:00:59.816Z
2.40539,2.40539,,47562911,2023-07-24T23:00:58.717Z
2.4145,2.4145,,47239928,2023-07-25T23:01:16.770Z
2.45012,2.45012,,46097652,2023-07-26T23:01:00.566Z
2.45423,2.45423,,46268664,2023-07-27T23:01:10.588Z
2.43324,2.43324,,45519331,2023-07-28T23:01:00.533Z
2.41302,2.41302,,46236341,2023-07-29T23:00:58.006Z
47.65208,47.65208,,7624063,2023-07-30T23:01:01.211Z
13.1766,13.1766,,24323802,2023-07-31T23:00:58.702Z
2.11476,2.11476,,53131971,2023-08-01T23:00:57.268Z
6.21138,6.21138,,29543132,2023-08-02T23:00:59.989Z
5.67708,5.67708,,29761619,2023-08-03T23:01:15.732Z
5.93465,5.93465,,29884947,2023-08-04T23:01:10.404Z
3.29616,3.29616,,31795283,2023-08-05T23:01:10.048Z
1.95838,1.95838,,66643379,2023-08-06T23:01:04.198Z
2.19534,2.19534,,57993936,2023-08-07T23:01:00.430Z
2.63048,2.63048,,44574698,2023-08-08T23:00:59.735Z
2.76966,2.76966,,40551665,2023-08-09T23:01:15.082Z
2.7226,2.7226,,42489449,2023-08-10T23:01:03.129Z
9.93342,9.93342,,33759967,2023-08-11T23:01:01.079Z
2.87961,2.87961,,39417208,2023-08-12T23:00:59.958Z
3.88037,3.88037,,38650995,2023-08-13T23:01:02.000Z
2.61741,2.61741,,49423155,2023-08-14T23:01:09.016Z
2.82862,2.82862,,43092911,2023-08-15T23:01:30.658Z
2.61301,2.61301,,49774124,2023-08-16T23:01:11.391Z
2.52462,2.52462,,51069242,2023-08-17T23:01:03.842Z
2.87389,2.87389,,40735756,2023-08-18T23:01:16.163Z
2.71042,2.71042,,45486858,2023-08-19T23:01:02.721Z
2.64761,2.64761,,46980708,2023-08-20T23:01:20.506Z
2.55074,2.55074,,50382328,2023-08-21T23:01:04.641Z
2.80248,2.80248,,41544812,2023-08-22T23:01:29.465Z
2.62308,2.62308,,48400098,2023-08-23T23:01:08.646Z
2.6309,2.6309,,48234212,2023-08-24T23:01:19.839Z
2.68175,2.68175,,46511757,2023-08-25T23:01:30.237Z
2.66529,2.66529,,47255563,2023-08-26T23:01:02.653Z
2.75724,2.75724,,44587182,2023-08-27T23:01:04.299Z
8.3808,8.3808,,36614441,2023-08-28T23:01:01.596Z
3.84725,3.84725,,40357193,2023-08-29T23:01:05.962Z
3.31949,3.31949,,41325298,2023-08-30T23:01:10.232Z
2.70181,2.70181,,47420326,2023-08-31T23:01:06.803Z
2.58349,2.58349,,51212911,2023-09-01T23:01:01.578Z
2.58976,2.58976,,50886956,2023-09-02T23:00:59.589Z
2.58296,2.58296,,51175452,2023-09-03T23:01:03.413Z
2.79487,2.79487,,45201510,2023-09-04T23:01:02.609Z
2.8304,2.8304,,44113652,2023-09-05T23:01:07.363Z
2.75885,2.75885,,46861619,2023-09-06T23:01:04.316Z
2.69702,2.69702,,49661232,2023-09-07T23:01:12.395Z
2.72336,2.72336,,48843645,2023-09-08T23:01:07.742Z
2.90596,2.90596,,42779819,2023-09-09T23:01:04.063Z
3.03179,3.03179,,42316225,2023-09-10T23:01:10.377Z
4.81042,4.81042,,40541299,2023-09-11T23:01:00.982Z
2.84428,2.84428,,43514870,2023-09-12T23:01:00.253Z
2.62008,2.62008,,53557642,2023-09-13T23:01:01.425Z
2.71194,2.71194,,50402292,2023-09-14T23:01:06.239Z
2.70743,2.70743,,50508310,2023-09-15T23:01:02.913Z
2.76206,2.76206,,48285493,2023-09-16T23:01:13.495Z
5.514,5.514,,41653131,2023-09-17T23:01:01.212Z
5.74679,5.74679,,42504120,2023-09-18T23:01:14.149Z
3.51066,3.51066,,44515832,2023-09-19T23:01:03.445Z
3.58445,3.58445,,44825995,2023-09-20T23:01:05.362Z
2.80172,2.80172,,48411387,2023-09-21T23:01:09.395Z
2.71329,2.71329,,51713909,2023-09-22T23:01:01.631Z
2.76214,2.76214,,50150298,2023-09-23T23:01:06.519Z
2.74056,2.74056,,50839114,2023-09-24T23:01:00.519Z
2.12811,2.12811,,82353713,2023-09-25T23:01:04.180Z
2.17145,2.17145,,80532585,2023-09-26T23:01:03.908Z
2.2343,2.2343,,79531850,2023-09-27T23:00:59.654Z
2.58809,2.58809,,64370128,2023-09-28T23:01:03.137Z
2.66345,2.66345,,61096379,2023-09-29T23:01:04.785Z
4.57119,4.57119,,46450725,2023-09-30T23:01:00.194Z
3.86145,3.86145,,48165789,2023-10-01T23:01:03.783Z
8.0799,8.0799,,45150247,2023-10-02T23:01:06.471Z
3.20176,3.20176,,51985640,2023-10-03T23:01:25.187Z
5.84814,5.84814,,49522219,2023-10-04T23:00:56.945Z
3.88055,3.88055,,52257478,2023-10-05T23:01:01.799Z
4.68155,4.68155,,51511824,2023-10-06T23:01:16.870Z
4.22292,4.22292,,53166014,2023-10-07T23:01:01.804Z
2.73143,2.73143,,57385196,2023-10-08T23:00:59.316Z
3.77202,3.77202,,50454780,2023-10-09T23:01:00.529Z
2.48082,2.48082,,65830716,2023-10-10T23:01:01.644Z
2.61741,2.61741,,60539092,2023-10-11T23:00:57.445Z
2.77449,2.77449,,54783261,2023-10-12T23:00:58.345Z
2.8081,2.8081,,53359517,2023-10-13T23:01:06.401Z
4.02114,4.02114,,49192939,2023-10-14T23:00:55.793Z
2.85509,2.85509,,51712676,2023-10-15T23:01:01.357Z
23.05094,23.05094,,33410145,2023-10-16T23:01:04.897Z
7.89382,7.89382,,48377873,2023-10-17T23:01:10.135Z
5.55789,5.55789,,51054672,2023-10-18T23:01:00.764Z
5.14738,5.14738,,51419777,2023-10-19T23:01:10.606Z
6.09806,6.09806,,50494972,2023-10-20T23:00:59.965Z
4.22554,4.22554,,53742901,2023-10-21T23:00:56.472Z
2.96063,2.96063,,56561657,2023-10-22T23:00:56.670Z
6.99092,6.99092,,51169544,2023-10-23T23:01:12.923Z
4.24838,4.24838,,55634983,2023-10-24T23:01:19.539Z
4.67578,4.67578,,55788427,2023-10-25T23:00:56.805Z
2.9978,2.9978,,58646707,2023-10-26T23:00:57.611Z
10.82917,10.82917,,50751295,2023-10-27T23:00:59.244Z
3.70751,3.70751,,59906798,2023-10-28T23:01:01.466Z
4.05076,4.05076,,59177312,2023-10-29T23:01:01.349Z
6.36674,6.36674,,55756905,2023-10-30T23:01:36.390Z
4.3206,4.3206,,58278837,2023-10-31T23:01:03.863Z
5.95594,5.95594,,56746762,2023-11-01T23:00:59.967Z
8.56312,8.56312,,53278749,2023-11-02T23:01:12.461Z
6.02008,6.02008,,56517030,2023-11-03T23:01:06.013Z
6.93637,6.93637,,55497246,2023-11-04T23:01:03.435Z
9.23678,9.23678,,52727674,2023-11-05T23:01:06.144Z
4.68834,4.68834,,57817645,2023-11-06T23:01:03.280Z
5.10063,5.10063,,57117823,2023-11-07T23:01:59.514Z
4.79897,4.79897,,57901683,2023-11-08T23:01:10.305Z
8.11035,8.11035,,54409659,2023-11-09T23:01:14.000Z
8.30835,8.30835,,53910281,2023-11-10T23:00:58.437Z
2.84865,2.84865,,59386405,2023-11-11T23:01:06.650Z
5.89301,5.89301,,54714787,2023-11-12T23:01:00.900Z
7.38109,7.38109,,54312323,2023-11-13T23:00:59.371Z
6.5498,6.5498,,56513193,2023-11-14T23:00:58.862Z
5.37899,5.37899,,59337854,2023-11-15T23:00:59.995Z
5.59764,5.59764,,59528790,2023-11-16T23:00:59.881Z
4.02427,4.02427,,62288053,2023-11-17T23:01:00.409Z
4.47281,4.47281,,61770447,2023-11-18T23:01:02.860Z
4.7041,4.7041,,61477518,2023-11-19T23:01:01.473Z
7.81981,7.81981,,58251642,2023-11-20T23:01:03.384Z
2.80525,2.80525,,69516012,2023-11-21T23:00:59.584Z
2.75101,2.75101,,72893699,2023-11-22T23:01:03.239Z
6.08446,6.08446,,63382152,2023-11-23T23:00:59.346Z
2.44584,2.44584,,91770008,2023-11-24T23:01:04.389Z
2.7555,2.7555,,74651658,2023-11-25T23:01:02.526Z
6.99846,6.99846,,62211920,2023-11-26T23:01:05.277Z
3.3929,3.3929,,58734550,2023-11-27T23:01:03.110Z
3.48428,3.48428,,56019355,2023-11-28T23:00:58.293Z
3.48786,3.48786,,56304002,2023-11-29T23:01:16.912Z
6.53216,6.53216,,31169972,2023-11-30T23:01:01.986Z
11.42918,11.42918,,28671945,2023-12-01T23:01:01.407Z
3.63711,3.63711,,51196396,2023-12-02T23:01:01.995Z
3.94714,3.94714,,38716399,2023-12-03T23:00:59.087Z
4.04237,4.04237,,34995439,2023-12-04T23:01:16.426Z
5.83244,5.83244,,33707614,2023-12-05T23:08:59.496Z
3.92916,3.92916,,40819250,2023-12-06T23:01:03.562Z
6.24797,6.24797,,36209630,2023-12-07T23:01:05.851Z
14.57508,14.57508,,30923185,2023-12-08T23:01:17.289Z
3.19863,3.19863,,74006604,2023-12-09T23:01:01.948Z
3.53206,3.53206,,58469978,2023-12-10T23:01:00.864Z
6.78778,6.78778,,34932378,2023-12-11T23:01:00.566Z
7.39834,7.39834,,34753146,2023-12-12T23:00:57.490Z
27.63539,27.63539,,24960630,2023-12-13T23:01:00.216Z
8.75866,8.75866,,36542771,2023-12-14T23:01:07.560Z
6.74256,6.74256,,37622268,2023-12-15T23:01:02.558Z
4.04795,4.04795,,40534772,2023-12-16T23:01:04.908Z
5.70752,5.70752,,39372427,2023-12-17T11:01:05.354Z
3.6151,3.6151,,65110430,2023-12-18T23:01:05.844Z
3.97115,3.97115,,46359910,2023-12-19T23:01:06.991Z
3.74733,3.74733,,57960794,2023-12-20T23:01:04.770Z
13.16424,13.16424,,35810003,2023-12-21T23:00:59.045Z
4.04639,4.04639,,42721888,2023-12-22T23:01:04.553Z
7.30468,7.30468,,40493492,2023-12-23T23:00:59.203Z
7.23495,7.23495,,41201305,2023-12-24T23:01:05.465Z
6.93804,6.93804,,41435364,2023-12-25T23:01:46.394Z
8.97662,8.97662,,40132936,2023-12-26T23:01:20.775Z
10.24621,10.24621,,38560953,2023-12-27T23:01:01.470Z
10.36869,10.36869,,39188745,2023-12-28T23:01:03.340Z
10.04391,10.04391,,39535132,2023-12-29T23:01:02.210Z
5.50656,5.50656,,42589797,2023-12-30T23:01:02.967Z
8.42181,8.42181,,40556672,2023-12-31T23:01:04.886Z
8.156,8.156,,40795006,2024-01-01T23:02:38.998Z
7.43205,7.43205,,41890103,2024-01-02T23:02:13.125Z
4.71136,4.71136,,43568665,2024-01-03T23:01:04.055Z
7.59076,7.59076,,41688353,2024-01-04T23:01:02.567Z
3.8656,3.8656,,62484371,2024-01-05T23:00:57.384Z
3.84326,3.84326,,64373409,2024-01-06T23:00:57.245Z
9.10035,9.10035,,48122027,2024-01-07T23:01:05.642Z
10.11645,10.11645,,47359042,2024-01-08T23:01:08.660Z
4.03524,4.03524,,54555100,2024-01-09T23:01:03.126Z
16.2572,16.2572,,43749426,2024-01-10T23:01:07.923Z
6.6564,6.6564,,53735644,2024-01-11T23:00:56.713Z
3.93832,3.93832,,64927389,2024-01-12T23:01:11.039Z
3.87505,3.87505,,71305446,2024-01-13T23:01:10.082Z
6.96244,6.96244,,56015180,2024-01-14T23:01:07.245Z
4.85289,4.85289,,60069134,2024-01-15T23:01:07.658Z
9.06926,9.06926,,55433676,2024-01-16T23:01:00.291Z
5.57616,5.57616,,59214182,2024-01-17T23:01:51.288Z
4.69298,4.69298,,72327662,2024-01-18T23:01:29.433Z
4.67235,4.67235,,71886517,2024-01-19T23:01:26.296Z
4.67626,4.67626,,71933257,2024-01-20T23:01:08.178Z
13.28863,13.28863,,51229166,2024-01-21T23:00:59.923Z
12.94407,12.94407,,51081508,2024-01-22T23:00:59.098Z
4.52635,4.52635,,75098657,2024-01-23T23:01:43.232Z
4.61245,4.61245,,70627067,2024-01-24T23:01:13.393Z
4.55331,4.55331,,75275144,2024-01-25T23:01:07.060Z
4.55292,4.55292,,75314902,2024-01-26T23:01:10.587Z
4.57511,4.57511,,73334683,2024-01-27T23:01:05.973Z
4.66647,4.66647,,67996449,2024-01-28T23:02:16.375Z
4.11339,4.11339,,96938572,2024-01-29T23:01:10.680Z
4.45182,4.45182,,75272238,2024-01-30T23:02:00.267Z
4.23605,4.23605,,90295583,2024-01-31T23:01:21.398Z
4.24976,4.24976,,88965123,2024-02-01T23:01:20.851Z
4.24305,4.24305,,89410123,2024-02-02T23:01:20.947Z
4.28909,4.28909,,86753579,2024-02-03T23:00:59.952Z
4.32822,4.32822,,85029647,2024-02-04T23:01:20.864Z
4.4238,4.4238,,79001011,2024-02-05T23:01:08.710Z
4.38574,4.38574,,80951850,2024-02-06T23:01:20.747Z
4.60337,4.60337,,68883244,2024-02-07T23:01:20.849Z
10.09912,10.09912,,50439730,2024-02-08T23:01:20.643Z
12.31807,12.31807,,47949695,2024-02-09T23:00:57.908Z
10.10521,10.10521,,50416856,2024-02-10T23:01:21.653Z
13.07128,13.07128,,47962973,2024-02-11T23:01:20.640Z
9.48345,9.48345,,51339096,2024-02-12T23:01:08.938Z
10.13446,10.13446,,50966021,2024-02-13T23:01:28.768Z
5.70517,5.70517,,56066546,2024-02-14T23:01:20.807Z
10.60425,10.60425,,51890696,2024-02-15T23:01:20.846Z
8.35452,8.35452,,53954662,2024-02-16T23:00:59.907Z
6.11728,6.11728,,55566935,2024-02-17T23:01:49.604Z
7.93533,7.93533,,53967680,2024-02-18T23:02:00.120Z
7.4636,7.4636,,54801276,2024-02-19T23:01:21.049Z
5.06143,5.06143,,57287292,2024-02-20T23:01:32.464Z
4.35323,4.35323,,90771596,2024-02-21T23:12:06.825Z
4.62697,4.62697,,74381427,2024-02-22T23:01:20.761Z
4.75882,4.75882,,66714532,2024-02-23T23:01:20.788Z
4.74859,4.74859,,68258380,2024-02-24T23:01:59.970Z
9.00384,9.00384,,57675510,2024-02-25T23:01:23.882Z
9.05364,9.05364,,58190272,2024-02-26T23:02:00.532Z
9.45942,9.45942,,57840225,2024-02-27T23:01:43.123Z
14.69184,14.69184,,53523127,2024-02-28T23:01:21.084Z
4.2204,4.2204,,116395220,2024-02-29T23:01:20.253Z
8.40431,8.40431,,66651593,2024-03-01T23:01:59.713Z
13.04498,13.04498,,60755496,2024-03-02T23:01:20.760Z
12.79392,12.79392,,61086317,2024-03-03T23:01:21.177Z
16.3126,16.3126,,57463630,2024-03-04T16:01:20.702Z
10.55232,10.55232,,64858475,2024-03-05T23:01:20.547Z
15.86224,15.86224,,57753156,2024-03-06T23:01:21.042Z
19.19756,19.19756,,54893140,2024-03-07T23:02:19.036Z
11.49876,11.49876,,64624242,2024-03-08T23:01:20.583Z
11.42896,11.42896,,65260080,2024-03-09T23:01:20.932Z
9.5317,9.5317,,67639567,2024-03-10T23:01:20.944Z
16.99104,16.99104,,60441769,2024-03-11T23:01:20.711Z
9.1773,9.1773,,67685768,2024-03-12T23:01:24.197Z
20.55144,20.55144,,57902653,2024-03-13T23:02:02.434Z
15.44364,15.44364,,64129005,2024-03-14T23:01:10.934Z
4.83615,4.83615,,82478249,2024-03-15T23:01:11.985Z
8.18769,8.18769,,76720889,2024-03-16T23:01:10.241Z
13.09456,13.09456,,71438406,2024-03-17T23:01:06.577Z
10.49745,10.49745,,75638102,2024-03-18T23:01:08.164Z
10.75526,10.75526,,72510238,2024-03-19T23:01:07.499Z
5.82408,5.82408,,83230466,2024-03-20T23:01:12.201Z
7.05286,7.05286,,81840987,2024-03-21T23:01:22.869Z
4.65271,4.65271,,104260725,2024-03-22T23:01:17.277Z
7.79387,7.79387,,84588578,2024-03-23T23:01:11.287Z
6.67737,6.67737,,87068018,2024-03-24T23:01:10.978Z
9.34109,9.34109,,84680657,2024-03-25T23:01:18.920Z
8.68053,8.68053,,86293751,2024-03-26T07:01:10.149Z
11.48521,11.48521,,83533619,2024-03-27T23:01:06.926Z
4.81508,4.81508,,102251067,2024-03-28T23:01:10.432Z
7.41211,7.41211,,92759769,2024-03-29T23:01:15.591Z
9.17664,9.17664,,89799349,2024-03-30T23:01:10.736Z
4.26336,4.26336,,165174727,2024-03-31T23:01:07.437Z
6.33465,6.33465,,97090412,2024-04-01T23:01:19.262Z
4.84242,4.84242,,102357984,2024-04-02T23:01:13.089Z
6.46692,6.46692,,99122714,2024-04-03T23:01:14.714Z
11.86891,11.86891,,90181551,2024-04-04T23:01:20.567Z
9.0959,9.0959,,93941752,2024-04-05T23:01:15.712Z
7.87955,7.87955,,97356765,2024-04-06T23:01:14.012Z
9.56465,9.56465,,95967109,2024-04-07T23:01:17.452Z
11.15302,11.15302,,94761329,2024-04-08T23:01:12.753Z
4.85998,4.85998,,106280486,2024-04-09T23:01:12.866Z
9.3279,9.3279,,116065989,2024-04-10T23:01:15.633Z
9.26409,9.26409,,119227617,2024-04-11T23:01:15.673Z
9.65268,9.65268,,97876893,2024-04-12T23:01:14.244Z
16.6985,16.6985,,69266123,2024-04-13T23:01:13.107Z
9.41389,9.41389,,101144311,2024-04-14T23:01:13.582Z
9.69233,9.69233,,87145774,2024-04-15T23:01:10.778Z
7.36032,7.36032,,219403258,2024-04-16T23:33:37.339Z
7.40254,7.40254,,216208832,2024-04-17T23:01:17.856Z
7.16368,7.16368,,225858864,2024-04-18T23:17:13.218Z
7.04936,7.04936,,236395598,2024-04-19T23:01:09.938Z
6.98307,6.98307,,243283377,2024-04-20T23:01:14.527Z
6.64288,6.64288,,269623707,2024-04-21T23:01:15.040Z
6.44386,6.44386,,288045534,2024-04-22T23:01:24.689Z
6.39236,6.39236,,292333684,2024-04-23T23:01:30.076Z
6.00717,6.00717,,325420551,2024-04-24T23:01:35.471Z
6.12149,6.12149,,316048637,2024-04-25T23:01:28.064Z
6.0872,6.0872,,321276725,2024-04-26T23:01:27.334Z
5.34516,5.34516,,401378913,2024-04-27T23:01:30.231Z
5.31257,5.31257,,404216963,2024-04-28T23:01:50.649Z
5.5096,5.5096,,384899708,2024-04-29T23:01:31.464Z
5.54368,5.54368,,383184643,2024-04-30T23:01:33.510Z
5.48184,5.48184,,389700565,2024-05-01T23:01:24.215Z
5.75068,5.75068,,369294987,2024-05-02T23:01:31.832Z
5.61083,5.61083,,384713944,2024-05-03T23:01:35.622Z
5.53428,5.53428,,393600210,2024-05-04T23:01:30.345Z
5.70787,5.70787,,379319109,2024-05-05T23:01:45.953Z
4.39968,4.39968,,369739150,2024-05-06T17:01:29.654Z
4.37588,4.37588,,373259343,2024-05-07T23:01:27.362Z
4.38675,4.38675,,372050228,2024-05-08T23:01:28.606Z
4.29183,4.29183,,389354637,2024-05-09T23:01:29.378Z
4.45847,4.45847,,373640357,2024-05-10T23:01:35.324Z
4.27771,4.27771,,398329127,2024-05-11T23:03:19.463Z
4.34711,4.34711,,390611836,2024-05-12T23:01:59.332Z
4.38823,4.38823,,382547233,2024-05-13T23:01:21.947Z
4.46011,4.46011,,375764673,2024-05-14T23:01:29.495Z
4.72165,4.72165,,340271749,2024-05-15T23:02:21.688Z
5.01783,5.01783,,305247574,2024-05-16T23:01:26.736Z
5.71469,5.71469,,231089280,2024-05-17T23:01:22.366Z
5.77404,5.77404,,222229403,2024-05-18T23:01:37.609Z
5.7215,5.7215,,226808921,2024-05-19T23:01:36.178Z
5.73954,5.73954,,228945474,2024-05-20T23:01:49.000Z
5.39732,5.39732,,269755243,2024-05-21T23:01:20.059Z
5.54685,5.54685,,255225753,2024-05-22T23:01:32.269Z
6.64473,6.64473,,163742787,2024-05-23T23:01:34.678Z
6.68081,6.68081,,161846170,2024-05-24T23:01:39.784Z
6.68735,6.68735,,162101934,2024-05-25T23:01:26.703Z
6.59838,6.59838,,170020812,2024-05-26T23:01:58.521Z
6.61995,6.61995,,170637731,2024-05-27T23:01:20.465Z
6.58398,6.58398,,178071766,2024-05-28T23:01:19.821Z
6.61832,6.61832,,175641196,2024-05-29T23:01:46.895Z
6.78268,6.78268,,161466329,2024-05-30T23:01:21.991Z
6.60974,6.60974,,178831168,2024-05-31T23:01:36.859Z
6.77948,6.77948,,163831208,2024-06-01T23:01:20.784Z
6.9347,6.9347,,149610849,2024-06-02T23:01:22.840Z
7.01027,7.01027,,142940859,2024-06-03T23:01:00.726Z
8.23674,8.23674,,104087304,2024-06-04T23:01:17.676Z
7.77949,7.77949,,105099892,2024-06-05T23:01:27.264Z
7.39565,7.39565,,112461279,2024-06-06T23:01:21.390Z
6.53898,6.53898,,200778997,2024-06-07T23:01:12.334Z
6.67133,6.67133,,190252359,2024-06-08T23:01:09.360Z
6.66965,6.66965,,190260163,2024-06-09T23:00:59.891Z
6.80228,6.80228,,175877008,2024-06-10T23:02:11.390Z
7.14781,7.14781,,141167836,2024-06-11T23:01:00.618Z
7.10526,7.10526,,145065106,2024-06-12T23:01:19.543Z
6.92413,6.92413,,165133093,2024-06-13T23:01:07.485Z
6.96671,6.96671,,161095973,2024-06-14T23:00:57.123Z
6.87093,6.87093,,170129836,2024-06-15T23:01:19.634Z
6.85518,6.85518,,170770587,2024-06-16T23:01:18.682Z
6.81018,6.81018,,175425528,2024-06-17T23:01:06.872Z
6.55649,6.55649,,202995234,2024-06-18T23:00:58.384Z
6.53168,6.53168,,205340935,2024-06-19T23:01:06.333Z
6.17518,6.17518,,247549545,2024-06-20T23:01:14.144Z
4.82948,4.82948,,446655204,2024-06-21T23:01:37.156Z
4.85682,4.85682,,444639255,2024-06-22T23:02:11.146Z
4.87886,4.87886,,441996071,2024-06-23T23:01:15.899Z
4.93514,4.93514,,427741703,2024-06-24T23:01:00.479Z
4.82432,4.82432,,450912157,2024-06-25T23:01:15.036Z
4.93061,4.93061,,433650999,2024-06-26T23:01:37.015Z
4.81008,4.81008,,461295353,2024-06-27T23:01:04.022Z
4.80133,4.80133,,464542033,2024-06-28T23:01:07.187Z
4.6728,4.6728,,493294161,2024-06-29T23:01:05.582Z
4.78929,4.78929,,472094768,2024-06-30T23:01:11.926Z
5.43356,5.43356,,380934176,2024-07-01T23:00:59.686Z
5.48804,5.48804,,372221802,2024-07-02T23:02:00.746Z
5.42195,5.42195,,378816336,2024-07-03T23:01:57.510Z
5.24877,5.24877,,393713584,2024-07-04T23:02:15.639Z
5.1508,5.1508,,402969336,2024-07-05T23:02:01.013Z
5.11344,5.11344,,405321706,2024-07-06T23:01:56.347Z
5.14945,5.14945,,400121268,2024-07-07T23:01:57.643Z
5.05137,5.05137,,412743527,2024-07-08T23:01:56.839Z
5.05445,5.05445,,410320245,2024-07-09T23:01:55.937Z
5.3917,5.3917,,356390177,2024-07-10T23:01:59.205Z
5.46939,5.46939,,344706819,2024-07-11T23:01:56.951Z
5.47474,5.47474,,343974506,2024-07-12T23:01:59.724Z
5.45464,5.45464,,346771467,2024-07-13T23:02:00.676Z
5.44735,5.44735,,349713590,2024-07-14T23:01:59.456Z
5.96639,5.96639,,286554644,2024-07-15T23:02:39.168Z
5.97344,5.97344,,285989845,2024-07-16T23:02:03.129Z
5.81522,5.81522,,307275908,2024-07-17T23:02:13.381Z
5.9535,5.9535,,294186215,2024-07-18T23:02:30.450Z
5.89929,5.89929,,298462946,2024-07-19T23:02:33.043Z
5.80992,5.80992,,312468353,2024-07-20T23:02:04.847Z
5.78935,5.78935,,317828551,2024-07-21T23:02:47.387Z
5.8681,5.8681,,310311459,2024-07-22T23:02:04.995Z
5.82085,5.82085,,316352556,2024-07-23T23:02:05.297Z
5.75522,5.75522,,327984720,2024-07-24T23:02:30.644Z
4.12285,4.12285,,327889254,2024-07-25T23:02:38.721Z
4.21088,4.21088,,313963433,2024-07-26T23:02:05.839Z
4.28965,4.28965,,300339722,2024-07-27T23:18:22.735Z
4.31385,4.31385,,297088435,2024-07-28T23:02:38.484Z
4.31128,4.31128,,299849626,2024-07-29T23:01:56.852Z
4.38681,4.38681,,287187717,2024-07-30T23:03:01.214Z
4.54451,4.54451,,260128694,2024-07-31T23:01:58.304Z
4.44735,4.44735,,277452181,2024-08-01T23:02:28.780Z
4.22133,4.22133,,319608035,2024-08-02T23:01:59.249Z
4.2686,4.2686,,301835446,2024-08-03T23:01:59.323Z
4.16733,4.16733,,314828958,2024-08-04T23:02:01.476Z
3.98394,3.98394,,303020446,2024-08-05T23:01:58.765Z
4.14802,4.14802,,282410482,2024-08-06T23:01:57.505Z
3.8316,3.8316,,330147283,2024-08-07T23:01:59.460Z
4.3329,4.3329,,255499644,2024-08-08T23:01:57.749Z
4.14015,4.14015,,288120753,2024-08-09T23:02:06.113Z
4.02071,4.02071,,305454856,2024-08-10T23:01:59.180Z
3.78085,3.78085,,344594328,2024-08-11T23:01:59.505Z
3.84378,3.84378,,330983181,2024-08-12T23:01:56.049Z
3.89629,3.89629,,325319686,2024-08-13T23:02:09.124Z
3.92837,3.92837,,319614325,2024-08-14T23:02:20.164Z
3.81884,3.81884,,340331415,2024-08-15T23:01:59.652Z
3.80242,3.80242,,342766452,2024-08-16T23:01:59.517Z
3.90216,3.90216,,327352565,2024-08-17T23:01:01.048Z
3.85108,3.85108,,335303108,2024-08-18T23:01:26.817Z
3.8387,3.8387,,339716724,2024-08-19T23:01:21.589Z
3.83633,3.83633,,340534778,2024-08-20T23:01:15.117Z
3.74783,3.74783,,355589646,2024-08-21T23:01:10.577Z
3.77427,3.77427,,349943541,2024-08-22T23:01:16.083Z
3.83598,3.83598,,340214578,2024-08-23T23:00:59.158Z
3.90391,3.90391,,328649137,2024-08-24T23:01:12.454Z
4.10105,4.10105,,299150474,2024-08-25T23:01:11.998Z
4.11255,4.11255,,299012395,2024-08-26T23:01:09.156Z
3.94036,3.94036,,320896710,2024-08-27T23:01:02.744Z
3.88254,3.88254,,331735895,2024-08-28T23:01:00.680Z
3.87769,3.87769,,332070978,2024-08-29T23:01:05.533Z
3.72433,3.72433,,361579494,2024-08-30T23:00:58.859Z
3.67922,3.67922,,370959738,2024-08-31T23:01:04.042Z
3.75192,3.75192,,355135213,2024-09-01T23:16:54.773Z
3.71567,3.71567,,364925277,2024-09-02T23:01:17.121Z
3.55673,3.55673,,398115521,2024-09-03T23:01:05.514Z
3.54896,3.54896,,399254845,2024-09-04T23:01:26.948Z
3.64717,3.64717,,379160524,2024-09-05T23:01:08.995Z
3.58182,3.58182,,382728991,2024-09-06T23:00:58.467Z
3.48287,3.48287,,403204344,2024-09-07T23:00:59.597Z
3.32321,3.32321,,429139029,2024-09-08T23:00:58.769Z
3.33821,3.33821,,430239673,2024-09-09T23:00:58.258Z
2.72204,2.72204,,456326197,2024-09-10T23:00:57.434Z
2.67578,2.67578,,470963178,2024-09-11T23:01:08.589Z
2.61531,2.61531,,491122517,2024-09-12T23:00:57.499Z
2.61858,2.61858,,493435490,2024-09-13T23:01:17.267Z
2.6079,2.6079,,501427280,2024-09-14T23:01:25.393Z
2.76245,2.76245,,468698685,2024-09-15T23:01:13.036Z
5.45103,5.45103,,346904143,2024-09-16T23:00:58.370Z
2.85746,2.85746,,448137759,2024-09-17T23:01:09.989Z
2.94477,2.94477,,428403359,2024-09-18T23:00:59.246Z
2.98669,2.98669,,422177651,2024-09-19T23:00:59.984Z
3.03451,3.03451,,415200424,2024-09-20T23:01:01.679Z
3.08079,3.08079,,409333986,2024-09-21T23:01:07.956Z
3.02179,3.02179,,422872989,2024-09-22T23:01:23.906Z
3.08628,3.08628,,409199796,2024-09-23T23:01:00.965Z
3.19252,3.19252,,387825248,2024-09-24T23:01:24.543Z
3.36058,3.36058,,350845273,2024-09-25T23:01:08.204Z
3.33628,3.33628,,358145207,2024-09-26T23:17:09.447Z
3.62401,3.62401,,300622589,2024-09-27T23:01:04.595Z
3.62693,3.62693,,300563826,2024-09-28T23:01:04.638Z
3.84545,3.84545,,254473268,2024-09-29T23:01:18.138Z
4.01216,4.01216,,223080468,2024-09-30T23:02:01.444Z
3.86078,3.86078,,252862875,2024-10-01T23:01:33.000Z
3.74157,3.74157,,279871431,2024-10-02T23:01:09.951Z
3.78614,3.78614,,271831207,2024-10-03T23:01:09.720Z
3.93162,3.93162,,244175192,2024-10-04T23:17:12.107Z
3.90436,3.90436,,250664067,2024-10-05T23:01:37.874Z
3.966,3.966,,238416134,2024-10-06T23:01:00.132Z
4.15792,4.15792,,202667438,2024-10-07T23:01:08.839Z
4.10672,4.10672,,211911989,2024-10-08T12:02:21.989Z
3.62177,3.62177,,316763345,2024-10-09T23:02:08.464Z
3.46088,3.46088,,347961324,2024-10-10T23:02:09.714Z
3.58784,3.58784,,317227963,2024-10-11T23:02:06.867Z
3.60158,3.60158,,315448247,2024-10-12T23:02:04.305Z
3.55557,3.55557,,326588941,2024-10-13T23:02:01.741Z
3.72013,3.72013,,295288527,2024-10-14T23:01:55.741Z
3.98461,3.98461,,243335258,2024-10-15T23:02:03.704Z
4.08092,4.08092,,226284264,2024-10-16T23:01:56.189Z
4.02378,4.02378,,239216931,2024-10-17T23:02:12.222Z
4.09467,4.09467,,225926313,2024-10-18T23:02:02.878Z
4.25525,4.25525,,196034217,2024-10-19T23:02:04.427Z
4.461,4.461,,157945531,2024-10-20T23:02:16.629Z
4.47577,4.47577,,155839135,2024-10-21T23:02:03.685Z
4.50397,4.50397,,150322224,2024-10-22T23:01:56.502Z
4.15913,4.15913,,214247557,2024-10-23T23:01:55.425Z
4.16076,4.16076,,214874468,2024-10-24T23:01:55.378Z
3.78123,3.78123,,292458551,2024-10-25T23:03:05.579Z
3.8187,3.8187,,283368748,2024-10-26T23:01:54.898Z
3.87197,3.87197,,270586988,2024-10-27T23:01:55.823Z
3.8259,3.8259,,286815759,2024-10-28T23:02:11.456Z
4.04695,4.04695,,239879212,2024-10-29T23:02:01.158Z
4.23741,4.23741,,203126770,2024-10-30T23:02:58.977Z
4.26529,4.26529,,201606204,2024-10-31T23:01:59.076Z
4.30427,4.30427,,192508362,2024-11-01T23:01:58.288Z
4.258,4.258,,201366795,2024-11-02T23:02:00.726Z
4.26043,4.26043,,201102056,2024-11-03T23:01:58.501Z
4.13194,4.13194,,226699763,2024-11-04T23:01:59.662Z
4.06752,4.06752,,239872615,2024-11-05T23:01:59.696Z
6.55225,6.55225,,143708494,2024-11-06T23:02:28.119Z
8.42559,8.42559,,140125847,2024-11-07T23:01:55.433Z
4.55287,4.55287,,146213688,2024-11-08T23:01:59.265Z
4.49212,4.49212,,161119228,2024-11-09T23:02:12.503Z
6.67912,6.67912,,144676959,2024-11-10T23:01:56.418Z
4.51347,4.51347,,157400640,2024-11-11T23:01:59.436Z
4.49381,4.49381,,158831648,2024-11-12T23:01:56.461Z
3.78769,3.78769,,328325729,2024-11-13T23:01:59.074Z
4.13959,4.13959,,250507202,2024-11-14T23:01:57.266Z
4.17308,4.17308,,247006948,2024-11-15T23:01:58.530Z
4.51392,4.51392,,172961764,2024-11-16T23:01:53.929Z
5.11032,5.11032,,163901406,2024-11-17T23:02:02.944Z
4.5509,4.5509,,169446291,2024-11-18T23:01:58.194Z
13.1542,13.1542,,146890717,2024-11-19T23:02:01.645Z
7.30469,7.30469,,162857045,2024-11-20T23:02:06.193Z
7.13824,7.13824,,167254599,2024-11-21T23:01:59.487Z
8.72636,8.72636,,166207224,2024-11-22T23:01:58.018Z
7.69435,7.69435,,171981381,2024-11-23T23:01:57.616Z
4.43791,4.43791,,210499740,2024-11-24T23:01:55.150Z
4.5401,4.5401,,187265890,2024-11-25T23:01:55.596Z
4.52284,4.52284,,191912943,2024-11-26T23:01:54.559Z
9.31937,9.31937,,169089857,2024-11-27T23:01:57.164Z
4.54547,4.54547,,186417628,2024-11-28T23:01:56.458Z
4.50273,4.50273,,202148226,2024-11-29T23:02:23.996Z
8.00385,8.00385,,179951028,2024-11-30T23:01:56.193Z
9.6278,9.6278,,175554705,2024-12-01T23:01:55.279Z
29.19696,29.19696,,117043801,2024-12-02T23:01:56.772Z
13.43745,13.43745,,161670904,2024-12-03T23:01:54.937Z
16.55273,16.55273,,153494277,2024-12-04T23:01:54.461Z
9.34018,9.34018,,177703274,2024-12-05T21:02:03.964Z
14.38128,14.38128,,168744897,2024-12-06T23:01:55.014Z
4.50723,4.50723,,218597855,2024-12-07T23:01:59.259Z
6.69117,6.69117,,197030959,2024-12-08T21:02:03.013Z
17.25861,17.25861,,163584209,2024-12-09T23:01:56.942Z
11.9057,11.9057,,182568806,2024-12-10T23:01:55.091Z
14.46671,14.46671,,174931950,2024-12-11T23:01:56.056Z
4.4312,4.4312,,247381605,2024-12-12T23:01:55.060Z
8.38286,8.38286,,200530983,2024-12-13T23:02:05.391Z
4.19405,4.19405,,330579571,2024-12-14T23:01:55.672Z
4.39797,4.39797,,271449923,2024-12-15T23:01:55.914Z
10.10772,10.10772,,259940630,2024-12-16T23:02:03.993Z
10.09064,10.09064,,262559865,2024-12-17T23:03:10.299Z
10.18314,10.18314,,251888989,2024-12-18T23:04:10.431Z
9.93428,9.93428,,285765953,2024-12-19T11:02:03.210Z
9.34772,9.34772,,367481641,2024-12-20T23:01:56.063Z
8.84618,8.84618,,449416806,2024-12-21T23:01:56.954Z
8.63781,8.63781,,483087873,2024-12-22T23:01:56.409Z
9.20827,9.20827,,392456772,2024-12-23T23:03:01.388Z
8.58205,8.58205,,495636437,2024-12-24T23:02:39.015Z
8.53971,8.53971,,504713621,2024-12-25T23:03:12.604Z
8.31023,8.31023,,548948123,2024-12-26T23:02:12.333Z
8.247,8.247,,562452790,2024-12-27T23:02:01.220Z
7.60096,7.60096,,685287554,2024-12-28T23:02:04.004Z
6.81821,6.81821,,865921469,2024-12-29T23:02:18.335Z
7.78914,7.78914,,639941034,2024-12-30T23:01:58.923Z
7.41604,7.41604,,714551380,2024-12-31T23:03:25.946Z
6.08619,6.08619,,1050465600,2025-01-01T23:01:59.847Z
6.76524,6.76524,,869803689,2025-01-02T23:03:02.253Z
7.80485,7.80485,,636428394,2025-01-03T23:04:36.551Z
7.73115,7.73115,,653127055,2025-01-04T23:02:56.761Z
7.46655,7.46655,,703140019,2025-01-05T23:03:26.666Z
7.71516,7.71516,,657225188,2025-01-06T23:05:09.401Z
18.2921,18.2921,,159069270,2025-01-07T23:03:34.384Z
8.88274,8.88274,,432404811,2025-01-08T23:03:01.897Z
7.68092,7.68092,,647807971,2025-01-09T23:01:55.186Z
7.34142,7.34142,,726395631,2025-01-10T23:02:56.045Z
7.1728,7.1728,,762870750,2025-01-11T23:02:07.076Z
6.87464,6.87464,,828551514,2025-01-12T23:02:27.756Z
6.78902,6.78902,,841943988,2025-01-13T23:02:00.370Z
6.6447,6.6447,,809051511,2025-01-14T23:01:57.624Z
6.78495,6.78495,,775053434,2025-01-15T23:02:01.050Z
6.93877,6.93877,,736520774,2025-01-16T23:02:04.987Z
7.10533,7.10533,,705688591,2025-01-17T23:02:09.045Z
6.33449,6.33449,,890865745,2025-01-18T23:02:35.569Z
6.50666,6.50666,,863242172,2025-01-19T23:03:01.492Z
6.97818,6.97818,,754241511,2025-01-20T23:02:01.708Z
7.12073,7.12073,,715038177,2025-01-21T23:02:02.203Z
7.57672,7.57672,,615838265,2025-01-22T23:01:59.809Z
6.72921,6.72921,,807124417,2025-01-23T23:01:59.430Z
6.85605,6.85605,,784999181,2025-01-24T23:02:00.042Z
6.56326,6.56326,,853660036,2025-01-25T23:02:07.925Z
6.62548,6.62548,,839970954,2025-01-26T23:02:05.499Z
8.95123,8.95123,,372494838,2025-01-27T23:02:07.602Z
6.49021,6.49021,,865140521,2025-01-28T23:01:59.241Z
6.38666,6.38666,,884176355,2025-01-29T23:02:28.188Z
6.06483,6.06483,,963567942,2025-01-30T23:01:03.210Z
5.59762,5.59762,,1028663186,2025-01-31T23:01:01.012Z
5.62673,5.62673,,1015177093,2025-02-01T23:01:09.524Z
5.79945,5.79945,,951522089,2025-02-02T23:01:05.230Z
6.93445,6.93445,,709702796,2025-02-03T23:01:03.758Z
6.65618,6.65618,,767594090,2025-02-04T23:01:09.060Z
6.41252,6.41252,,816855309,2025-02-05T23:01:04.726Z
6.18477,6.18477,,875376450,2025-02-06T23:01:10.416Z
6.08473,6.08473,,900226096,2025-02-07T23:01:06.103Z
5.44472,5.44472,,1078159414,2025-02-08T23:01:10.046Z
5.43506,5.43506,,1073238220,2025-02-09T23:00:59.565Z
4.93727,4.93727,,1189114805,2025-02-10T23:01:56.344Z
4.05593,4.05593,,1172306629,2025-02-11T23:01:15.474Z
4.05785,4.05785,,1186204135,2025-02-12T23:01:03.189Z
4.1902,4.1902,,1144517915,2025-02-13T23:02:00.622Z
3.69629,3.69629,,1323306178,2025-02-14T23:01:13.247Z
3.72254,3.72254,,1311061288,2025-02-15T23:01:03.616Z
3.74277,3.74277,,1300849848,2025-02-16T23:01:08.590Z
3.75508,3.75508,,1298983103,2025-02-17T23:01:17.706Z
3.79356,3.79356,,1272088259,2025-02-18T23:01:12.948Z
3.70619,3.70619,,1308601029,2025-02-19T18:01:11.710Z
3.7102,3.7102,,1324257791,2025-02-20T23:02:10.427Z
4.44897,4.44897,,1046956955,2025-02-21T23:01:34.533Z
5.12156,5.12156,,791589204,2025-02-22T23:01:13.018Z
4.11329,4.11329,,1147248955,2025-02-23T23:01:19.803Z
4.17792,4.17792,,1142958733,2025-02-24T23:01:41.789Z
3.97986,3.97986,,1207127913,2025-02-25T23:01:58.959Z
3.52677,3.52677,,1381611298,2025-02-26T23:01:58.929Z
3.28426,3.28426,,1465607459,2025-02-27T23:01:59.655Z
3.35155,3.35155,,1371503447,2025-02-28T23:01:57.297Z
3.19872,3.19872,,1450574867,2025-03-01T23:01:44.873Z
3.23862,3.23862,,1460621166,2025-03-02T23:01:56.419Z
3.38523,3.38523,,1368792991,2025-03-03T23:01:55.963Z
3.31658,3.31658,,1377229826,2025-03-04T23:01:59.251Z
3.36741,3.36741,,1359223248,2025-03-05T23:01:57.902Z
3.47455,3.47455,,1314358555,2025-03-06T23:01:56.101Z
3.37992,3.37992,,1275101345,2025-03-07T23:01:59.289Z
3.33949,3.33949,,1287092271,2025-03-08T23:01:47.472Z
3.29253,3.29253,,1313899441,2025-03-09T23:02:04.955Z
2.7487,2.7487,,1438684535,2025-03-10T23:01:59.089Z
2.68137,2.68137,,1449598541,2025-03-11T23:01:58.667Z
2.66124,2.66124,,1469565644,2025-03-12T23:02:13.424Z
2.66073,2.66073,,1457756564,2025-03-13T23:02:12.570Z
2.71276,2.71276,,1436295466,2025-03-14T23:02:03.503Z
2.76348,2.76348,,1417195714,2025-03-15T23:02:15.136Z
2.64882,2.64882,,1401817368,2025-03-16T23:02:00.945Z
2.67594,2.67594,,1397953012,2025-03-17T23:01:55.369Z
2.64739,2.64739,,1416482153,2025-03-18T23:01:56.104Z
3.7794,3.7794,,606834433,2025-03-19T23:01:55.603Z
3.43485,3.43485,,733007744,2025-03-20T23:01:39.796Z
2.89412,2.89412,,965121805,2025-03-21T23:01:59.796Z
2.4947,2.4947,,1183556485,2025-03-22T23:02:00.484Z
2.22286,2.22286,,1374020408,2025-03-23T23:01:57.188Z
2.36524,2.36524,,1349052083,2025-03-24T23:02:05.814Z
2.48828,2.48828,,1300584374,2025-03-25T23:01:55.915Z
2.66265,2.66265,,1208502324,2025-03-26T23:01:55.509Z
2.65128,2.65128,,1218737894,2025-03-27T23:01:55.568Z
2.37418,2.37418,,1348507964,2025-03-28T23:02:03.303Z
2.15617,2.15617,,1373060510,2025-03-29T23:02:01.541Z
3.91343,3.91343,,474677736,2025-03-30T23:02:00.043Z
3.23464,3.23464,,712062448,2025-03-31T23:02:03.743Z
2.99238,2.99238,,815858813,2025-04-01T23:01:50.990Z
2.98455,2.98455,,811603542,2025-04-02T23:01:47.088Z
2.70048,2.70048,,972062426,2025-04-03T23:01:56.852Z
2.66334,2.66334,,989654380,2025-04-04T23:01:59.617Z
2.27714,2.27714,,1224223408,2025-04-05T23:01:23.903Z
2.27763,2.27763,,1226385931,2025-04-06T23:01:12.208Z
1.84214,1.84214,,1476778396,2025-04-07T23:01:08.211Z
1.8456,1.8456,,1478833688,2025-04-08T23:01:08.899Z
1.76389,1.76389,,1534565654,2025-04-09T23:01:13.593Z
1.71725,1.71725,,1579783664,2025-04-10T23:01:12.340Z
1.75322,1.75322,,1532144136,2025-04-11T23:01:13.723Z
2.2419,2.2419,,1112971929,2025-04-12T23:01:13.408Z
1.89676,1.89676,,1421020008,2025-04-13T23:01:12.616Z
1.71142,1.71142,,1604573687,2025-04-14T23:01:21.818Z
1.84808,1.84808,,1509272109,2025-04-15T23:01:10.054Z
2.0652,2.0652,,1383480469,2025-04-16T23:01:18.065Z
2.022,2.022,,1409751090,2025-04-17T23:01:09.054Z
2.07613,2.07613,,1388744022,2025-04-18T23:17:49.437Z
2.14353,2.14353,,1356578416,2025-04-19T23:01:35.896Z
2.06608,2.06608,,1419358244,2025-04-20T23:01:08.744Z
3.38732,3.38732,,649638740,2025-04-21T23:01:11.270Z
3.12083,3.12083,,793935007,2025-04-22T23:01:10.745Z
2.26266,2.26266,,1288944304,2025-04-23T23:01:22.613Z
2.03485,2.03485,,1470732350,2025-04-24T23:01:12.603Z
2.55469,2.55469,,1198296929,2025-04-25T23:01:12.300Z
2.16224,2.16224,,1389691779,2025-04-26T23:01:08.481Z
1.948,1.948,,1609620258,2025-04-27T23:01:17.486Z
1.81985,1.81985,,1705894137,2025-04-28T23:01:56.856Z
1.93317,1.93317,,1637681724,2025-04-29T23:01:15.225Z
1.98328,1.98328,,1619840318,2025-04-30T23:01:17.205Z
2.3849,2.3849,,1393301909,2025-05-01T23:01:15.858Z
2.5014,2.5014,,1339017696,2025-05-02T23:01:18.043Z
2.30768,2.30768,,1454735836,2025-05-03T23:01:10.932Z
2.19402,2.19402,,1561737325,2025-05-04T23:01:20.874Z
2.40871,2.40871,,1438629464,2025-05-05T23:01:13.981Z
2.29722,2.29722,,1521590200,2025-05-06T23:01:09.516Z
3.84077,3.84077,,473806792,2025-05-07T23:01:12.326Z
3.05495,3.05495,,847264383,2025-05-08T23:01:12.023Z
2.77826,2.77826,,1071790563,2025-05-09T23:01:03.510Z
2.75911,2.75911,,1126912949,2025-05-10T23:01:03.535Z
3.06912,3.06912,,972186456,2025-05-11T23:01:18.401Z
3.74162,3.74162,,660532400,2025-05-12T23:01:02.422Z
3.712,3.712,,688370733,2025-05-13T23:00:59.733Z
4.52838,4.52838,,286161370,2025-05-14T23:01:11.318Z
3.42654,3.42654,,705603895,2025-05-15T23:01:00.161Z
4.39978,4.39978,,331186508,2025-05-16T23:01:08.342Z
3.8908,3.8908,,564781879,2025-05-17T23:01:52.518Z
3.36467,3.36467,,853900815,2025-05-18T23:01:27.956Z
3.30307,3.30307,,880396458,2025-05-19T23:01:15.140Z
3.55008,3.55008,,769289094,2025-05-20T23:01:03.828Z
3.53264,3.53264,,780474717,2025-05-21T23:01:45.179Z
3.69047,3.69047,,707740881,2025-05-22T23:01:06.906Z
3.68889,3.68889,,713856707,2025-05-23T23:01:19.885Z
3.51421,3.51421,,798200586,2025-05-24T23:01:00.461Z
3.3363,3.3363,,882638181,2025-05-25T23:01:25.867Z
3.58106,3.58106,,763531731,2025-05-26T23:01:03.732Z
3.78603,3.78603,,662720615,2025-05-27T23:01:04.929Z
3.65344,3.65344,,719963344,2025-05-28T23:01:22.869Z
3.62795,3.62795,,732937347,2025-05-29T23:01:16.190Z
3.79473,3.79473,,633410875,2025-05-30T23:01:13.578Z
3.80203,3.80203,,629753675,2025-05-31T23:01:22.545Z
3.85424,3.85424,,606192303,2025-06-01T23:01:38.324Z
3.97005,3.97005,,558209218,2025-06-02T23:00:59.646Z
4.09938,4.09938,,513026858,2025-06-03T23:01:18.361Z
4.24617,4.24617,,450693139,2025-06-04T23:01:23.463Z
3.70138,3.70138,,697981313,2025-06-05T23:01:23.227Z
3.75457,3.75457,,673365637,2025-06-06T23:01:05.735Z
3.73647,3.73647,,683054632,2025-06-07T23:17:15.452Z
3.85597,3.85597,,627943361,2025-06-08T23:01:19.328Z
4.59845,4.59845,,205428112,2025-06-09T23:01:21.332Z
4.22642,4.22642,,391779593,2025-06-10T23:01:07.679Z
4.01235,4.01235,,509988846,2025-06-11T23:01:32.552Z
3.72711,3.72711,,661155261,2025-06-12T23:01:00.934Z
3.70399,3.70399,,671792896,2025-06-13T23:01:00.181Z
3.65445,3.65445,,771785033,2025-06-14T23:01:02.389Z
3.70534,3.70534,,747152827,2025-06-15T23:00:58.858Z
3.19709,3.19709,,1096541596,2025-06-16T23:01:04.633Z
3.23055,3.23055,,1076424844,2025-06-17T23:01:00.678Z
3.18621,3.18621,,1101102604,2025-06-18T23:00:58.945Z
3.24646,3.24646,,1070186022,2025-06-19T23:17:06.442Z
3.209,3.209,,1091396505,2025-06-20T23:01:29.512Z
3.35828,3.35828,,1011022854,2025-06-21T23:01:29.141Z
5.71799,5.71799,,297462838,2025-06-22T23:01:07.693Z
3.57221,3.57221,,843903780,2025-06-23T23:01:04.247Z
3.55655,3.55655,,850080792,2025-06-24T23:01:02.341Z
3.30364,3.30364,,1046707412,2025-06-25T23:01:06.934Z
3.15044,3.15044,,1133338256,2025-06-26T23:01:20.931Z
2.69908,2.69908,,1504637872,2025-06-27T23:01:02.239Z
2.74527,2.74527,,1475335448,2025-06-28T23:01:06.652Z
2.75706,2.75706,,1463517379,2025-06-29T23:02:38.028Z
2.87971,2.87971,,1378232424,2025-06-30T23:02:04.286Z
3.06261,3.06261,,1244612990,2025-07-01T23:05:01.959Z
3.21758,3.21758,,1151844567,2025-07-02T23:02:00.101Z
3.44268,3.44268,,1029177213,2025-07-03T23:01:55.849Z
3.28451,3.28451,,1127453131,2025-07-04T23:01:57.411Z
3.36718,3.36718,,1097849306,2025-07-05T23:02:00.557Z
3.50172,3.50172,,1020472671,2025-07-06T23:02:07.027Z
3.48063,3.48063,,1033348958,2025-07-07T23:01:57.182Z
3.46023,3.46023,,1048361242,2025-07-08T23:03:09.381Z
3.73008,3.73008,,883892371,2025-07-09T23:02:06.933Z
3.98712,3.98712,,735295402,2025-07-10T23:01:56.781Z
4.24099,4.24099,,588793266,2025-07-11T23:03:06.709Z
4.15581,4.15581,,638401003,2025-07-12T23:02:03.671Z
4.08981,4.08981,,701079534,2025-07-13T23:02:01.029Z
3.74966,3.74966,,942791856,2025-07-14T23:03:03.343Z
3.57941,3.57941,,1053853744,2025-07-15T23:01:56.452Z
4.68996,4.68996,,387286054,2025-07-16T23:01:58.696Z
4.38625,4.38625,,483042870,2025-07-17T23:01:58.181Z
3.58285,3.58285,,997329773,2025-07-18T23:02:04.294Z
3.41325,3.41325,,1163813691,2025-07-19T23:02:00.155Z
3.00886,3.00886,,1591170356,2025-07-20T23:01:56.939Z
3.13539,3.13539,,1547014642,2025-07-21T23:01:56.155Z
3.29971,3.29971,,1426676584,2025-07-22T23:01:57.874Z
3.21554,3.21554,,1524385556,2025-07-23T23:04:02.622Z
3.19339,3.19339,,1545682511,2025-07-24T23:01:57.200Z
2.95274,2.95274,,1767117665,2025-07-25T23:03:01.036Z
3.0358,3.0358,,1703380777,2025-07-26T23:05:07.381Z
3.13318,3.13318,,1675692981,2025-07-27T23:03:02.245Z
3.29914,3.29914,,1534052430,2025-07-28T23:02:00.761Z
3.32361,3.32361,,1519030583,2025-07-29T23:02:06.258Z
3.68139,3.68139,,1235906275,2025-07-30T23:02:08.604Z
3.84513,3.84513,,1116942616,2025-07-31T23:04:14.559Z
3.51345,3.51345,,1401328340,2025-08-01T23:01:56.667Z
3.48626,3.48626,,1425107135,2025-08-02T23:02:00.038Z
3.99985,3.99985,,1007981937,2025-08-03T23:02:12.732Z
3.61445,3.61445,,1409141777,2025-08-04T23:02:01.276Z
3.43041,3.43041,,1628582212,2025-08-05T23:01:57.375Z
3.68247,3.68247,,1394117121,2025-08-06T23:02:00.334Z
3.61248,3.61248,,1515746091,2025-08-07T23:02:59.936Z
3.77975,3.77975,,1343123478,2025-08-08T23:01:59.490Z
4.09168,4.09168,,1062303116,2025-08-09T23:01:59.518Z
4.21354,4.21354,,955419212,2025-08-10T23:02:58.151Z
4.06303,4.06303,,1119379837,2025-08-11T23:01:59.942Z
4.85737,4.85737,,627264725,2025-08-12T23:02:00.441Z
5.13701,5.13701,,428631290,2025-08-13T23:01:57.568Z
5.38463,5.38463,,494261013,2025-08-14T23:01:58.558Z
5.43609,5.43609,,430630314,2025-08-15T23:02:06.191Z
5.37523,5.37523,,463783089,2025-08-16T23:02:05.517Z
8.99147,8.99147,,264764475,2025-08-17T23:02:00.647Z
5.49343,5.49343,,373108531,2025-08-18T23:18:00.863Z
5.36452,5.36452,,437079535,2025-08-19T23:01:59.552Z
5.4749,5.4749,,358993564,2025-08-20T23:03:06.650Z
5.27236,5.27236,,464052542,2025-08-21T23:01:58.812Z
4.99735,4.99735,,618982506,2025-08-22T23:08:19.997Z
4.40677,4.40677,,1012242517,2025-08-23T23:01:58.391Z
4.11569,4.11569,,1259577999,2025-08-24T23:01:58.154Z
3.94315,3.94315,,1426366412,2025-08-25T23:03:13.155Z
4.20355,4.20355,,1239035421,2025-08-26T23:02:57.625Z
4.24711,4.24711,,1205763985,2025-08-27T23:02:02.093Z
4.06395,4.06395,,1455198697,2025-08-28T23:01:57.333Z
3.67217,3.67217,,1835254232,2025-08-29T23:01:59.791Z
4.00371,4.00371,,1514192873,2025-08-30T23:02:02.851Z
4.24848,4.24848,,1300912853,2025-08-31T23:02:00.740Z
4.26624,4.26624,,1288039142,2025-09-01T23:01:58.852Z
6.16872,6.16872,,467159843,2025-09-02T23:01:58.818Z
4.50261,4.50261,,1092258628,2025-09-03T23:02:00.920Z
4.58345,4.58345,,1042507451,2025-09-04T23:01:58.027Z
4.60559,4.60559,,1032867024,2025-09-05T23:02:00.120Z
4.59828,4.59828,,1037352010,2025-09-06T23:02:01.693Z
3.7948,3.7948,,1727608245,2025-09-07T23:01:58.792Z
3.94835,3.94835,,1583596126,2025-09-08T23:02:00.500Z
4.28594,4.28594,,1332491956,2025-09-09T23:02:14.131Z
4.29513,4.29513,,1323869960,2025-09-10T23:02:02.315Z
4.53986,4.53986,,1152478927,2025-09-11T23:04:08.010Z
4.62748,4.62748,,1106095960,2025-09-12T23:02:00.058Z
4.70586,4.70586,,1053203869,2025-09-13T23:01:59.371Z
4.81696,4.81696,,978313325,2025-09-14T23:01:59.261Z
4.61923,4.61923,,1114260781,2025-09-15T23:02:04.877Z
8.88732,8.88732,,383876740,2025-09-16T23:02:00.165Z
4.89021,4.89021,,879183787,2025-09-17T23:04:04.379Z
4.99024,4.99024,,844266849,2025-09-18T23:03:00.124Z
5.0543,5.0543,,819051001,2025-09-19T23:04:05.370Z
4.40574,4.40574,,1389660506,2025-09-20T23:01:58.159Z
4.48082,4.48082,,1331671228,2025-09-21T23:01:59.670Z
4.69724,4.69724,,1114838546,2025-09-22T23:01:57.633Z
5.3622,5.3622,,602669176,2025-09-23T23:02:09.598Z
4.83805,4.83805,,966451025,2025-09-24T23:01:57.492Z
4.59581,4.59581,,1089641469,2025-09-25T23:01:58.096Z
5.1019,5.1019,,670121906,2025-09-26T23:04:04.876Z
4.86044,4.86044,,805577078,2025-09-27T23:03:07.833Z
4.76636,4.76636,,851431718,2025-09-28T23:01:01.141Z
4.35573,4.35573,,1127127597,2025-09-29T23:01:08.246Z
4.54738,4.54738,,983175099,2025-09-30T23:01:22.874Z
4.70164,4.70164,,874057205,2025-10-01T23:01:00.896Z
4.67415,4.67415,,886770134,2025-10-02T23:00:59.942Z
4.69363,4.69363,,886458079,2025-10-03T23:01:11.682Z
4.47393,4.47393,,1029819236,2025-10-04T23:01:34.819Z
3.94644,3.94644,,1414297232,2025-10-05T23:01:02.862Z
3.71583,3.71583,,1635222892,2025-10-06T23:01:02.126Z
3.60225,3.60225,,1786121916,2025-10-07T23:01:09.874Z
4.69337,4.69337,,883455688,2025-10-08T23:01:12.774Z
4.75824,4.75824,,819073961,2025-10-09T23:01:10.717Z
4.5351,4.5351,,935687071,2025-10-10T23:01:16.751Z
4.89587,4.89587,,691172568,2025-10-11T23:01:16.290Z
4.70167,4.70167,,797615789,2025-10-12T23:01:23.573Z
4.21979,4.21979,,1107627196,2025-10-13T23:00:59.902Z
3.96007,3.96007,,1288803068,2025-10-14T23:01:24.568Z
3.7654,3.7654,,1453052627,2025-10-15T23:01:22.304Z
3.73648,3.73648,,1453930756,2025-10-16T23:01:25.113Z
3.78649,3.78649,,1402926363,2025-10-17T23:01:12.284Z
3.64517,3.64517,,1515707693,2025-10-18T23:01:28.661Z
3.9225,3.9225,,1288832975,2025-10-19T23:01:38.631Z
3.74424,3.74424,,1411598634,2025-10-20T23:01:00.031Z
3.01357,3.01357,,2132428845,2025-10-21T23:01:28.941Z
4.93666,4.93666,,643047365,2025-10-22T23:01:15.321Z
4.18438,4.18438,,1161303857,2025-10-23T23:01:27.567Z
3.78464,3.78464,,1210551899,2025-10-24T23:01:05.391Z
3.68924,3.68924,,1278708195,2025-10-25T23:05:13.886Z
3.51478,3.51478,,1432488638,2025-10-26T23:02:15.647Z
3.75999,3.75999,,1245181931,2025-10-27T23:02:19.351Z
3.83995,3.83995,,1184759529,2025-10-28T23:03:04.283Z
3.73021,3.73021,,1275604054,2025-10-29T23:01:58.049Z
3.63023,3.63023,,1346586912,2025-10-30T23:01:59.201Z
3.46319,3.46319,,1484284127,2025-10-31T23:02:11.347Z
3.22206,3.22206,,1718374991,2025-11-01T23:05:07.797Z
3.44157,3.44157,,1538922930,2025-11-02T23:03:10.725Z
3.69338,3.69338,,1306622247,2025-11-03T23:02:03.767Z
3.6189,3.6189,,1307546314,2025-11-04T23:02:06.448Z
5.63856,5.63856,,384975622,2025-11-05T23:01:56.717Z
4.96107,4.96107,,417992257,2025-11-06T23:01:58.710Z
4.87808,4.87808,,441570698,2025-11-07T23:05:02.563Z
4.70794,4.70794,,524676710,2025-11-08T23:02:40.009Z
4.70669,4.70669,,526285007,2025-11-09T23:06:44.383Z
4.72438,4.72438,,525525669,2025-11-10T23:01:48.439Z
4.87383,4.87383,,452610807,2025-11-11T23:01:54.564Z
4.32084,4.32084,,763583716,2025-11-12T23:02:15.322Z
3.17145,3.17145,,1692420785,2025-11-13T23:01:50.970Z
3.21825,3.21825,,1664727272,2025-11-14T23:01:56.995Z
3.22127,3.22127,,1665964026,2025-11-15T23:01:56.834Z
9.11681,9.11681,,222805435,2025-11-16T23:02:59.947Z
4.35652,4.35652,,740312844,2025-11-17T23:01:48.010Z
3.52731,3.52731,,1321987303,2025-11-18T23:02:49.761Z
3.44627,3.44627,,1383421621,2025-11-19T23:01:56.148Z
2.94458,2.94458,,1886023654,2025-11-20T23:01:56.563Z
3.10495,3.10495,,1687238745,2025-11-21T23:01:37.340Z
3.12309,3.12309,,1663893335,2025-11-22T23:04:02.787Z
3.22844,3.22844,,1566266936,2025-11-23T23:01:37.084Z
3.2306,3.2306,,1569021375,2025-11-24T23:01:35.725Z
3.27407,3.27407,,1534736411,2025-11-25T23:01:36.500Z
3.01413,3.01413,,1526593331,2025-11-26T23:01:47.181Z
2.94779,2.94779,,1579891878,2025-11-27T23:02:02.316Z
3.07541,3.07541,,1483257352,2025-11-28T23:02:02.068Z
3.11967,3.11967,,1448635282,2025-11-29T23:02:12.899Z
3.08142,3.08142,,1479600160,2025-11-30T23:01:58.090Z
3.03829,3.03829,,1556280363,2025-12-01T23:02:27.821Z
4.48182,4.48182,,457025123,2025-12-02T23:01:47.650Z
4.28537,4.28537,,571512713,2025-12-03T23:02:14.799Z
4.33159,4.33159,,543003658,2025-12-04T23:01:57.561Z
3.01928,3.01928,,1609585966,2025-12-05T23:01:53.722Z
3.03754,3.03754,,1588993923,2025-12-06T23:01:57.842Z
2.9923,2.9923,,1627198327,2025-12-07T23:01:57.572Z
4.05558,4.05558,,713476589,2025-12-08T23:02:01.382Z
4.25107,4.25107,,595393971,2025-12-09T23:01:56.928Z
4.2815,4.2815,,577113548,2025-12-10T23:01:59.983Z
3.9454,3.9454,,799869095,2025-12-11T23:01:46.334Z
3.90364,3.90364,,830753841,2025-12-12T23:01:56.815Z
3.88098,3.88098,,847617505,2025-12-13T23:02:17.852Z
2.86294,2.86294,,1810073193,2025-12-14T23:02:10.983Z
2.92657,2.92657,,1749524326,2025-12-15T23:01:58.542Z
2.35205,2.35205,,2245711361,2025-12-16T23:02:01.838Z
2.39732,2.39732,,2196223725,2025-12-17T23:02:01.258Z
2.42079,2.42079,,2170877821,2025-12-18T23:02:00.765Z
2.48974,2.48974,,2079067346,2025-12-19T23:02:00.425Z
2.49037,2.49037,,2077485015,2025-12-20T23:02:13.118Z
2.43131,2.43131,,2132193199,2025-12-21T23:02:43.195Z
2.57494,2.57494,,1993252115,2025-12-22T23:02:11.307Z
2.53307,2.53307,,2021493804,2025-12-23T23:01:31.630Z
2.52798,2.52798,,2021730557,2025-12-24T16:01:28.591Z
