date,apy,tvl_usd
2023-02-13,0.04457,5067
2023-02-14,0.19279,15866
2023-02-15,1.74679,6495
2023-02-16,2.44537,4801
2023-02-17,2.68303,4818
2023-02-18,1.73953,57845
2023-02-19,2.91282,35086
2023-02-20,3.08022,53241
2023-02-21,1.76135,147716
2023-02-22,2.59049,92121
2023-02-23,0.06249,2809057
2023-02-24,1.58394,1193088
2023-02-25,1.94059,1078655
2023-02-26,2.31497,875996
2023-02-27,2.22003,978012
2023-02-28,2.16497,1100648
2023-03-01,3.00414,592785
2023-03-02,3.55285,481794
2023-03-03,3.1822,532433
2023-03-04,3.21696,518795
2023-03-05,1.51946,2823233
2023-03-06,2.24855,1769459
2023-03-07,2.61702,1444643
2023-03-08,2.44071,1712497
2023-03-09,2.38985,1935856
2023-03-10,1.5518,4380662
2023-03-11,67.93641,18075
2023-03-12,68.37439,1511
2023-03-13,2.94744,5291701
2023-03-14,3.02562,4064924
2023-03-15,2.48641,6888098
2023-03-16,2.37987,7670264
2023-03-17,2.7153,5901331
2023-03-18,2.45797,7816851
2023-03-19,2.37919,8447669
2023-03-20,2.6345,7502219
2023-03-21,2.43555,8649992
2023-03-22,2.2588,9803752
2023-03-23,2.45573,7617577
2023-03-24,2.46718,7787196
2023-03-25,1.43481,18382023
2023-03-26,2.41155,10236182
2023-03-27,2.04573,14426430
2023-03-28,2.2231,12312149
2023-03-29,2.19374,13381750
2023-03-30,2.27649,13247537
2023-03-31,1.9723,17456479
2023-04-01,1.46244,23059924
2023-04-02,1.73037,18324745
2023-04-03,1.59298,23615524
2023-04-04,1.76944,20107017
2023-04-05,2.22662,14120669
2023-04-06,2.77147,8332207
2023-04-07,2.77805,8272911
2023-04-08,2.28764,13418726
2023-04-09,2.24759,13866902
2023-04-10,2.38528,12506610
2023-04-11,2.49301,11888327
2023-04-12,2.55124,11294459
2023-04-13,2.77142,10213519
2023-04-14,2.75201,10370307
2023-04-15,2.42312,14455793
2023-04-16,1.94379,19828869
2023-04-17,2.35295,14058967
2023-04-18,2.3222,14498447
2023-04-19,2.43444,13349645
2023-04-20,2.44264,13221985
2023-04-21,1.794,20583520
2023-04-22,2.10425,16746934
2023-04-23,2.11976,17269736
2023-04-24,1.9646,19105012
2023-04-25,2.0906,18043169
2023-04-26,2.53109,12719411
2023-04-27,2.23289,16885717
2023-04-28,1.75599,25008993
2023-04-29,2.0084,21169795
2023-04-30,2.18242,17538026
2023-05-01,2.16759,18005469
2023-05-02,2.11354,19044453
2023-05-03,2.17826,17969530
2023-05-04,2.36055,15836083
2023-05-05,2.47868,14503632
2023-05-06,2.59887,13128390
2023-05-07,2.73135,11712815
2023-05-08,2.81742,10425759
2023-05-09,2.51423,14119958
2023-05-10,2.49138,14440339
2023-05-11,2.48984,14321717
2023-05-12,2.61503,12774340
2023-05-13,2.60828,12846938
2023-05-14,2.68815,11767307
2023-05-15,2.67244,12260093
2023-05-16,2.74272,11431513
2023-05-17,2.38851,15996758
2023-05-18,2.90332,9522402
2023-05-19,2.16057,19761865
2023-05-20,2.13231,20265091
2023-05-21,2.26618,18145569
2023-05-22,2.5559,18076977
2023-05-23,2.41783,20008412
2023-05-24,2.02886,24785926
2023-05-25,2.113,23683402
2023-05-26,2.07484,24381229
2023-05-27,2.09052,24176107
2023-05-28,2.38852,20199403
2023-05-29,2.36106,20709953
2023-05-30,2.43193,19856239
2023-05-31,2.32801,21838866
2023-06-01,2.34972,21552817
2023-06-02,2.41449,20772325
2023-06-03,2.27674,23149830
2023-06-04,2.29288,22880683
2023-06-05,1.99245,29235595
2023-06-06,2.02575,28818916
2023-06-07,2.5003,23489659
2023-06-08,2.52506,23201964
2023-06-09,2.30583,27574518
2023-06-10,2.80276,19246354
2023-06-11,2.75714,20021522
2023-06-12,2.56715,23580813
2023-06-13,2.30014,28897716
2023-06-14,0.96342,99541856
2023-06-15,1.22484,77871320
2023-06-16,1.45501,63519859
2023-06-17,1.52603,60034739
2023-06-18,1.55972,59032460
2023-06-19,1.79898,51055181
2023-06-20,1.94972,46954752
2023-06-21,2.18748,40753880
2023-06-22,2.42168,35931446
2023-06-23,2.74681,28836302
2023-06-24,2.75358,28795720
2023-06-25,5.02615,25796877
2023-06-26,2.71572,30015132
2023-06-27,2.34987,37387763
2023-06-28,2.39725,36451670
2023-06-29,2.23971,40193999
2023-06-30,1.57288,67390172
2023-07-01,1.60868,66268252
2023-07-02,1.63779,65251259
2023-07-03,1.74306,61588845
2023-07-04,1.98359,53166422
2023-07-05,2.14044,47388118
2023-07-06,2.2085,45790729
2023-07-07,2.3643,40350513
2023-07-08,2.45058,37872444
2023-07-09,2.47305,37387421
2023-07-10,2.44567,37981861
2023-07-11,2.48683,36933103
2023-07-12,2.56864,35405100
2023-07-13,3.41617,30001104
2023-07-14,2.84461,32683347
2023-07-15,2.78847,33868440
2023-07-16,2.71695,35510069
2023-07-17,2.65924,37155793
2023-07-18,2.59381,39260590
2023-07-19,2.56636,40329227
2023-07-20,2.81688,33024786
2023-07-21,2.81521,33070469
2023-07-22,2.77015,34323650
2023-07-23,2.58982,39816256
2023-07-24,2.40539,47562911
2023-07-25,2.4145,47239928
2023-07-26,2.45012,46097652
2023-07-27,2.45423,46268664
2023-07-28,2.43324,45519331
2023-07-29,2.41302,46236341
2023-07-30,47.65208,7624063
2023-07-31,13.1766,24323802
2023-08-01,2.11476,53131971
2023-08-02,6.21138,29543132
2023-08-03,5.67708,29761619
2023-08-04,5.93465,29884947
2023-08-05,3.29616,31795283
2023-08-06,1.95838,66643379
2023-08-07,2.19534,57993936
2023-08-08,2.63048,44574698
2023-08-09,2.76966,40551665
2023-08-10,2.7226,42489449
2023-08-11,9.93342,33759967
2023-08-12,2.87961,39417208
2023-08-13,3.88037,38650995
2023-08-14,2.61741,49423155
2023-08-15,2.82862,43092911
2023-08-16,2.61301,49774124
2023-08-17,2.52462,51069242
2023-08-18,2.87389,40735756
2023-08-19,2.71042,45486858
2023-08-20,2.64761,46980708
2023-08-21,2.55074,50382328
2023-08-22,2.80248,41544812
2023-08-23,2.62308,48400098
2023-08-24,2.6309,48234212
2023-08-25,2.68175,46511757
2023-08-26,2.66529,47255563
2023-08-27,2.75724,44587182
2023-08-28,8.3808,36614441
2023-08-29,3.84725,40357193
2023-08-30,3.31949,41325298
2023-08-31,2.70181,47420326
2023-09-01,2.58349,51212911
2023-09-02,2.58976,50886956
2023-09-03,2.58296,51175452
2023-09-04,2.79487,45201510
2023-09-05,2.8304,44113652
2023-09-06,2.75885,46861619
2023-09-07,2.69702,49661232
2023-09-08,2.72336,48843645
2023-09-09,2.90596,42779819
2023-09-10,3.03179,42316225
2023-09-11,4.81042,40541299
2023-09-12,2.84428,43514870
2023-09-13,2.62008,53557642
2023-09-14,2.71194,50402292
2023-09-15,2.70743,50508310
2023-09-16,2.76206,48285493
2023-09-17,5.514,41653131
2023-09-18,5.74679,42504120
2023-09-19,3.51066,44515832
2023-09-20,3.58445,44825995
2023-09-21,2.80172,48411387
2023-09-22,2.71329,51713909
2023-09-23,2.76214,50150298
2023-09-24,2.74056,50839114
2023-09-25,2.12811,82353713
2023-09-26,2.17145,80532585
2023-09-27,2.2343,79531850
2023-09-28,2.58809,64370128
2023-09-29,2.66345,61096379
2023-09-30,4.57119,46450725
2023-10-01,3.86145,48165789
2023-10-02,8.0799,45150247
2023-10-03,3.20176,51985640
2023-10-04,5.84814,49522219
2023-10-05,3.88055,52257478
2023-10-06,4.68155,51511824
2023-10-07,4.22292,53166014
2023-10-08,2.73143,57385196
2023-10-09,3.77202,50454780
2023-10-10,2.48082,65830716
2023-10-11,2.61741,60539092
2023-10-12,2.77449,54783261
2023-10-13,2.8081,53359517
2023-10-14,4.02114,49192939
2023-10-15,2.85509,51712676
2023-10-16,23.05094,33410145
2023-10-17,7.89382,48377873
2023-10-18,5.55789,51054672
2023-10-19,5.14738,51419777
2023-10-20,6.09806,50494972
2023-10-21,4.22554,53742901
2023-10-22,2.96063,56561657
2023-10-23,6.99092,51169544
2023-10-24,4.24838,55634983
2023-10-25,4.67578,55788427
2023-10-26,2.9978,58646707
2023-10-27,10.82917,50751295
2023-10-28,3.70751,59906798
2023-10-29,4.05076,59177312
2023-10-30,6.36674,55756905
2023-10-31,4.3206,58278837
2023-11-01,5.95594,56746762
2023-11-02,8.56312,53278749
2023-11-03,6.02008,56517030
2023-11-04,6.93637,55497246
2023-11-05,9.23678,52727674
2023-11-06,4.68834,57817645
2023-11-07,5.10063,57117823
2023-11-08,4.79897,57901683
2023-11-09,8.11035,54409659
2023-11-10,8.30835,53910281
2023-11-11,2.84865,59386405
2023-11-12,5.89301,54714787
2023-11-13,7.38109,54312323
2023-11-14,6.5498,56513193
2023-11-15,5.37899,59337854
2023-11-16,5.59764,59528790
2023-11-17,4.02427,62288053
2023-11-18,4.47281,61770447
2023-11-19,4.7041,61477518
2023-11-20,7.81981,58251642
2023-11-21,2.80525,69516012
2023-11-22,2.75101,72893699
2023-11-23,6.08446,63382152
2023-11-24,2.44584,91770008
2023-11-25,2.7555,74651658
2023-11-26,6.99846,62211920
2023-11-27,3.3929,58734550
2023-11-28,3.48428,56019355
2023-11-29,3.48786,56304002
2023-11-30,6.53216,31169972
2023-12-01,11.42918,28671945
2023-12-02,3.63711,51196396
2023-12-03,3.94714,38716399
2023-12-04,4.04237,34995439
2023-12-05,5.83244,33707614
2023-12-06,3.92916,40819250
2023-12-07,6.24797,36209630
2023-12-08,14.57508,30923185
2023-12-09,3.19863,74006604
2023-12-10,3.53206,58469978
2023-12-11,6.78778,34932378
2023-12-12,7.39834,34753146
2023-12-13,27.63539,24960630
2023-12-14,8.75866,36542771
2023-12-15,6.74256,37622268
2023-12-16,4.04795,40534772
2023-12-17,5.70752,39372427
2023-12-18,3.6151,65110430
2023-12-19,3.97115,46359910
2023-12-20,3.74733,57960794
2023-12-21,13.16424,35810003
2023-12-22,4.04639,42721888
2023-12-23,7.30468,40493492
2023-12-24,7.23495,41201305
2023-12-25,6.93804,41435364
2023-12-26,8.97662,40132936
2023-12-27,10.24621,38560953
2023-12-28,10.36869,39188745
2023-12-29,10.04391,39535132
2023-12-30,5.50656,42589797
2023-12-31,8.42181,40556672
2024-01-01,8.156,40795006
2024-01-02,7.43205,41890103
2024-01-03,4.71136,43568665
2024-01-04,7.59076,41688353
2024-01-05,3.8656,62484371
2024-01-06,3.84326,64373409
2024-01-07,9.10035,48122027
2024-01-08,10.11645,47359042
2024-01-09,4.03524,54555100
2024-01-10,16.2572,43749426
2024-01-11,6.6564,53735644
2024-01-12,3.93832,64927389
2024-01-13,3.87505,71305446
2024-01-14,6.96244,56015180
2024-01-15,4.85289,60069134
2024-01-16,9.06926,55433676
2024-01-17,5.57616,59214182
2024-01-18,4.69298,72327662
2024-01-19,4.67235,71886517
2024-01-20,4.67626,71933257
2024-01-21,13.28863,51229166
2024-01-22,12.94407,51081508
2024-01-23,4.52635,75098657
2024-01-24,4.61245,70627067
2024-01-25,4.55331,75275144
2024-01-26,4.55292,75314902
2024-01-27,4.57511,73334683
2024-01-28,4.66647,67996449
2024-01-29,4.11339,96938572
2024-01-30,4.45182,75272238
2024-01-31,4.23605,90295583
2024-02-01,4.24976,88965123
2024-02-02,4.24305,89410123
2024-02-03,4.28909,86753579
2024-02-04,4.32822,85029647
2024-02-05,4.4238,79001011
2024-02-06,4.38574,80951850
2024-02-07,4.60337,68883244
2024-02-08,10.09912,50439730
2024-02-09,12.31807,47949695
2024-02-10,10.10521,50416856
2024-02-11,13.07128,47962973
2024-02-12,9.48345,51339096
2024-02-13,10.13446,50966021
2024-02-14,5.70517,56066546
2024-02-15,10.60425,51890696
2024-02-16,8.35452,53954662
2024-02-17,6.11728,55566935
2024-02-18,7.93533,53967680
2024-02-19,7.4636,54801276
2024-02-20,5.06143,57287292
2024-02-21,4.35323,90771596
2024-02-22,4.62697,74381427
2024-02-23,4.75882,66714532
2024-02-24,4.74859,68258380
2024-02-25,9.00384,57675510
2024-02-26,9.05364,58190272
2024-02-27,9.45942,57840225
2024-02-28,14.69184,53523127
2024-02-29,4.2204,116395220
2024-03-01,8.40431,66651593
2024-03-02,13.04498,60755496
2024-03-03,12.79392,61086317
2024-03-04,16.3126,57463630
2024-03-05,10.55232,64858475
2024-03-06,15.86224,57753156
2024-03-07,19.19756,54893140
2024-03-08,11.49876,64624242
2024-03-09,11.42896,65260080
2024-03-10,9.5317,67639567
2024-03-11,16.99104,60441769
2024-03-12,9.1773,67685768
2024-03-13,20.55144,57902653
2024-03-14,15.44364,64129005
2024-03-15,4.83615,82478249
2024-03-16,8.18769,76720889
2024-03-17,13.09456,71438406
2024-03-18,10.49745,75638102
2024-03-19,10.75526,72510238
2024-03-20,5.82408,83230466
2024-03-21,7.05286,81840987
2024-03-22,4.65271,104260725
2024-03-23,7.79387,84588578
2024-03-24,6.67737,87068018
2024-03-25,9.34109,84680657
2024-03-26,8.68053,86293751
2024-03-27,11.48521,83533619
2024-03-28,4.81508,102251067
2024-03-29,7.41211,92759769
2024-03-30,9.17664,89799349
2024-03-31,4.26336,165174727
2024-04-01,6.33465,97090412
2024-04-02,4.84242,102357984
2024-04-03,6.46692,99122714
2024-04-04,11.86891,90181551
2024-04-05,9.0959,93941752
2024-04-06,7.87955,97356765
2024-04-07,9.56465,95967109
2024-04-08,11.15302,94761329
2024-04-09,4.85998,106280486
2024-04-10,9.3279,116065989
2024-04-11,9.26409,119227617
2024-04-12,9.65268,97876893
2024-04-13,16.6985,69266123
2024-04-14,9.41389,101144311
2024-04-15,9.69233,87145774
2024-04-16,7.36032,219403258
2024-04-17,7.40254,216208832
2024-04-18,7.16368,225858864
2024-04-19,7.04936,236395598
2024-04-20,6.98307,243283377
2024-04-21,6.64288,269623707
2024-04-22,6.44386,288045534
2024-04-23,6.39236,292333684
2024-04-24,6.00717,325420551
2024-04-25,6.12149,316048637
2024-04-26,6.0872,321276725
2024-04-27,5.34516,401378913
2024-04-28,5.31257,404216963
2024-04-29,5.5096,384899708
2024-04-30,5.54368,383184643
2024-05-01,5.48184,389700565
2024-05-02,5.75068,369294987
2024-05-03,5.61083,384713944
2024-05-04,5.53428,393600210
2024-05-05,5.70787,379319109
2024-05-06,4.39968,369739150
2024-05-07,4.37588,373259343
2024-05-08,4.38675,372050228
2024-05-09,4.29183,389354637
2024-05-10,4.45847,373640357
2024-05-11,4.27771,398329127
2024-05-12,4.34711,390611836
2024-05-13,4.38823,382547233
2024-05-14,4.46011,375764673
2024-05-15,4.72165,340271749
2024-05-16,5.01783,305247574
2024-05-17,5.71469,231089280
2024-05-18,5.77404,222229403
2024-05-19,5.7215,226808921
2024-05-20,5.73954,228945474
2024-05-21,5.39732,269755243
2024-05-22,5.54685,255225753
2024-05-23,6.64473,163742787
2024-05-24,6.68081,161846170
2024-05-25,6.68735,162101934
2024-05-26,6.59838,170020812
2024-05-27,6.61995,170637731
2024-05-28,6.58398,178071766
2024-05-29,6.61832,175641196
2024-05-30,6.78268,161466329
2024-05-31,6.60974,178831168
2024-06-01,6.77948,163831208
2024-06-02,6.9347,149610849
2024-06-03,7.01027,142940859
2024-06-04,8.23674,104087304
2024-06-05,7.77949,105099892
2024-06-06,7.39565,112461279
2024-06-07,6.53898,200778997
2024-06-08,6.67133,190252359
2024-06-09,6.66965,190260163
2024-06-10,6.80228,175877008
2024-06-11,7.14781,141167836
2024-06-12,7.10526,145065106
2024-06-13,6.92413,165133093
2024-06-14,6.96671,161095973
2024-06-15,6.87093,170129836
2024-06-16,6.85518,170770587
2024-06-17,6.81018,175425528
2024-06-18,6.55649,202995234
2024-06-19,6.53168,205340935
2024-06-20,6.17518,247549545
2024-06-21,4.82948,446655204
2024-06-22,4.85682,444639255
2024-06-23,4.87886,441996071
2024-06-24,4.93514,427741703
2024-06-25,4.82432,450912157
2024-06-26,4.93061,433650999
2024-06-27,4.81008,461295353
2024-06-28,4.80133,464542033
2024-06-29,4.6728,493294161
2024-06-30,4.78929,472094768
2024-07-01,5.43356,380934176
2024-07-02,5.48804,372221802
2024-07-03,5.42195,378816336
2024-07-04,5.24877,393713584
2024-07-05,5.1508,402969336
2024-07-06,5.11344,405321706
2024-07-07,5.14945,400121268
2024-07-08,5.05137,412743527
2024-07-09,5.05445,410320245
2024-07-10,5.3917,356390177
2024-07-11,5.46939,344706819
2024-07-12,5.47474,343974506
2024-07-13,5.45464,346771467
2024-07-14,5.44735,349713590
2024-07-15,5.96639,286554644
2024-07-16,5.97344,285989845
2024-07-17,5.81522,307275908
2024-07-18,5.9535,294186215
2024-07-19,5.89929,298462946
2024-07-20,5.80992,312468353
2024-07-21,5.78935,317828551
2024-07-22,5.8681,310311459
2024-07-23,5.82085,316352556
2024-07-24,5.75522,327984720
2024-07-25,4.12285,327889254
2024-07-26,4.21088,313963433
2024-07-27,4.28965,300339722
2024-07-28,4.31385,297088435
2024-07-29,4.31128,299849626
2024-07-30,4.38681,287187717
2024-07-31,4.54451,260128694
2024-08-01,4.44735,277452181
2024-08-02,4.22133,319608035
2024-08-03,4.2686,301835446
2024-08-04,4.16733,314828958
2024-08-05,3.98394,303020446
2024-08-06,4.14802,282410482
2024-08-07,3.8316,330147283
2024-08-08,4.3329,255499644
2024-08-09,4.14015,288120753
2024-08-10,4.02071,305454856
2024-08-11,3.78085,344594328
2024-08-12,3.84378,330983181
2024-08-13,3.89629,325319686
2024-08-14,3.92837,319614325
2024-08-15,3.81884,340331415
2024-08-16,3.80242,342766452
2024-08-17,3.90216,327352565
2024-08-18,3.85108,335303108
2024-08-19,3.8387,339716724
2024-08-20,3.83633,340534778
2024-08-21,3.74783,355589646
2024-08-22,3.77427,349943541
2024-08-23,3.83598,340214578
2024-08-24,3.90391,328649137
2024-08-25,4.10105,299150474
2024-08-26,4.11255,299012395
2024-08-27,3.94036,320896710
2024-08-28,3.88254,331735895
2024-08-29,3.87769,332070978
2024-08-30,3.72433,361579494
2024-08-31,3.67922,370959738
2024-09-01,3.75192,355135213
2024-09-02,3.71567,364925277
2024-09-03,3.55673,398115521
2024-09-04,3.54896,399254845
2024-09-05,3.64717,379160524
2024-09-06,3.58182,382728991
2024-09-07,3.48287,403204344
2024-09-08,3.32321,429139029
2024-09-09,3.33821,430239673
2024-09-10,2.72204,456326197
2024-09-11,2.67578,470963178
2024-09-12,2.61531,491122517
2024-09-13,2.61858,493435490
2024-09-14,2.6079,501427280
2024-09-15,2.76245,468698685
2024-09-16,5.45103,346904143
2024-09-17,2.85746,448137759
2024-09-18,2.94477,428403359
2024-09-19,2.98669,422177651
2024-09-20,3.03451,415200424
2024-09-21,3.08079,409333986
2024-09-22,3.02179,422872989
2024-09-23,3.08628,409199796
2024-09-24,3.19252,387825248
2024-09-25,3.36058,350845273
2024-09-26,3.33628,358145207
2024-09-27,3.62401,300622589
2024-09-28,3.62693,300563826
2024-09-29,3.84545,254473268
2024-09-30,4.01216,223080468
2024-10-01,3.86078,252862875
2024-10-02,3.74157,279871431
2024-10-03,3.78614,271831207
2024-10-04,3.93162,244175192
2024-10-05,3.90436,250664067
2024-10-06,3.966,238416134
2024-10-07,4.15792,202667438
2024-10-08,4.10672,211911989
2024-10-09,3.62177,316763345
2024-10-10,3.46088,347961324
2024-10-11,3.58784,317227963
2024-10-12,3.60158,315448247
2024-10-13,3.55557,326588941
2024-10-14,3.72013,295288527
2024-10-15,3.98461,243335258
2024-10-16,4.08092,226284264
2024-10-17,4.02378,239216931
2024-10-18,4.09467,225926313
2024-10-19,4.25525,196034217
2024-10-20,4.461,157945531
2024-10-21,4.47577,155839135
2024-10-22,4.50397,150322224
2024-10-23,4.15913,214247557
2024-10-24,4.16076,214874468
2024-10-25,3.78123,292458551
2024-10-26,3.8187,283368748
2024-10-27,3.87197,270586988
2024-10-28,3.8259,286815759
2024-10-29,4.04695,239879212
2024-10-30,4.23741,203126770
2024-10-31,4.26529,201606204
2024-11-01,4.30427,192508362
2024-11-02,4.258,201366795
2024-11-03,4.26043,201102056
2024-11-04,4.13194,226699763
2024-11-05,4.06752,239872615
2024-11-06,6.55225,143708494
2024-11-07,8.42559,140125847
2024-11-08,4.55287,146213688
2024-11-09,4.49212,161119228
2024-11-10,6.67912,144676959
2024-11-11,4.51347,157400640
2024-11-12,4.49381,158831648
2024-11-13,3.78769,328325729
2024-11-14,4.13959,250507202
2024-11-15,4.17308,247006948
2024-11-16,4.51392,172961764
2024-11-17,5.11032,163901406
2024-11-18,4.5509,169446291
2024-11-19,13.1542,146890717
2024-11-20,7.30469,162857045
2024-11-21,7.13824,167254599
2024-11-22,8.72636,166207224
2024-11-23,7.69435,171981381
2024-11-24,4.43791,210499740
2024-11-25,4.5401,187265890
2024-11-26,4.52284,191912943
2024-11-27,9.31937,169089857
2024-11-28,4.54547,186417628
2024-11-29,4.50273,202148226
2024-11-30,8.00385,179951028
2024-12-01,9.6278,175554705
2024-12-02,29.19696,117043801
2024-12-03,13.43745,161670904
2024-12-04,16.55273,153494277
2024-12-05,9.34018,177703274
2024-12-06,14.38128,168744897
2024-12-07,4.50723,218597855
2024-12-08,6.69117,197030959
2024-12-09,17.25861,163584209
2024-12-10,11.9057,182568806
2024-12-11,14.46671,174931950
2024-12-12,4.4312,247381605
2024-12-13,8.38286,200530983
2024-12-14,4.19405,330579571
2024-12-15,4.39797,271449923
2024-12-16,10.10772,259940630
2024-12-17,10.09064,262559865
2024-12-18,10.18314,251888989
2024-12-19,9.93428,285765953
2024-12-20,9.34772,367481641
2024-12-21,8.84618,449416806
2024-12-22,8.63781,483087873
2024-12-23,9.20827,392456772
2024-12-24,8.58205,495636437
2024-12-25,8.53971,504713621
2024-12-26,8.31023,548948123
2024-12-27,8.247,562452790
2024-12-28,7.60096,685287554
2024-12-29,6.81821,865921469
2024-12-30,7.78914,639941034
2024-12-31,7.41604,714551380
2025-01-01,6.08619,1050465600
2025-01-02,6.76524,869803689
2025-01-03,7.80485,636428394
2025-01-04,7.73115,653127055
2025-01-05,7.46655,703140019
2025-01-06,7.71516,657225188
2025-01-07,18.2921,159069270
2025-01-08,8.88274,432404811
2025-01-09,7.68092,647807971
2025-01-10,7.34142,726395631
2025-01-11,7.1728,762870750
2025-01-12,6.87464,828551514
2025-01-13,6.78902,841943988
2025-01-14,6.6447,809051511
2025-01-15,6.78495,775053434
2025-01-16,6.93877,736520774
2025-01-17,7.10533,705688591
2025-01-18,6.33449,890865745
2025-01-19,6.50666,863242172
2025-01-20,6.97818,754241511
2025-01-21,7.12073,715038177
2025-01-22,7.57672,615838265
2025-01-23,6.72921,807124417
2025-01-24,6.85605,784999181
2025-01-25,6.56326,853660036
2025-01-26,6.62548,839970954
2025-01-27,8.95123,372494838
2025-01-28,6.49021,865140521
2025-01-29,6.38666,884176355
2025-01-30,6.06483,963567942
2025-01-31,5.59762,1028663186
2025-02-01,5.62673,1015177093
2025-02-02,5.79945,951522089
2025-02-03,6.93445,709702796
2025-02-04,6.65618,767594090
2025-02-05,6.41252,816855309
2025-02-06,6.18477,875376450
2025-02-07,6.08473,900226096
2025-02-08,5.44472,1078159414
2025-02-09,5.43506,1073238220
2025-02-10,4.93727,1189114805
2025-02-11,4.05593,1172306629
2025-02-12,4.05785,1186204135
2025-02-13,4.1902,1144517915
2025-02-14,3.69629,1323306178
2025-02-15,3.72254,1311061288
2025-02-16,3.74277,1300849848
2025-02-17,3.75508,1298983103
2025-02-18,3.79356,1272088259
2025-02-19,3.70619,1308601029
2025-02-20,3.7102,1324257791
2025-02-21,4.44897,1046956955
2025-02-22,5.12156,791589204
2025-02-23,4.11329,1147248955
2025-02-24,4.17792,1142958733
2025-02-25,3.97986,1207127913
2025-02-26,3.52677,1381611298
2025-02-27,3.28426,1465607459
2025-02-28,3.35155,1371503447
2025-03-01,3.19872,1450574867
2025-03-02,3.23862,1460621166
2025-03-03,3.38523,1368792991
2025-03-04,3.31658,1377229826
2025-03-05,3.36741,1359223248
2025-03-06,3.47455,1314358555
2025-03-07,3.37992,1275101345
2025-03-08,3.33949,1287092271
2025-03-09,3.29253,1313899441
2025-03-10,2.7487,1438684535
2025-03-11,2.68137,1449598541
2025-03-12,2.66124,1469565644
2025-03-13,2.66073,1457756564
2025-03-14,2.71276,1436295466
2025-03-15,2.76348,1417195714
2025-03-16,2.64882,1401817368
2025-03-17,2.67594,1397953012
2025-03-18,2.64739,1416482153
2025-03-19,3.7794,606834433
2025-03-20,3.43485,733007744
2025-03-21,2.89412,965121805
2025-03-22,2.4947,1183556485
2025-03-23,2.22286,1374020408
2025-03-24,2.36524,1349052083
2025-03-25,2.48828,1300584374
2025-03-26,2.66265,1208502324
2025-03-27,2.65128,1218737894
2025-03-28,2.37418,1348507964
2025-03-29,2.15617,1373060510
2025-03-30,3.91343,474677736
2025-03-31,3.23464,712062448
2025-04-01,2.99238,815858813
2025-04-02,2.98455,811603542
2025-04-03,2.70048,972062426
2025-04-04,2.66334,989654380
2025-04-05,2.27714,1224223408
2025-04-06,2.27763,1226385931
2025-04-07,1.84214,1476778396
2025-04-08,1.8456,1478833688
2025-04-09,1.76389,1534565654
2025-04-10,1.71725,1579783664
2025-04-11,1.75322,1532144136
2025-04-12,2.2419,1112971929
2025-04-13,1.89676,1421020008
2025-04-14,1.71142,1604573687
2025-04-15,1.84808,1509272109
2025-04-16,2.0652,1383480469
2025-04-17,2.022,1409751090
2025-04-18,2.07613,1388744022
2025-04-19,2.14353,1356578416
2025-04-20,2.06608,1419358244
2025-04-21,3.38732,649638740
2025-04-22,3.12083,793935007
2025-04-23,2.26266,1288944304
2025-04-24,2.03485,1470732350
2025-04-25,2.55469,1198296929
2025-04-26,2.16224,1389691779
2025-04-27,1.948,1609620258
2025-04-28,1.81985,1705894137
2025-04-29,1.93317,1637681724
2025-04-30,1.98328,1619840318
2025-05-01,2.3849,1393301909
2025-05-02,2.5014,1339017696
2025-05-03,2.30768,1454735836
2025-05-04,2.19402,1561737325
2025-05-05,2.40871,1438629464
2025-05-06,2.29722,1521590200
2025-05-07,3.84077,473806792
2025-05-08,3.05495,847264383
2025-05-09,2.77826,1071790563
2025-05-10,2.75911,1126912949
2025-05-11,3.06912,972186456
2025-05-12,3.74162,660532400
2025-05-13,3.712,688370733
2025-05-14,4.52838,286161370
2025-05-15,3.42654,705603895
2025-05-16,4.39978,331186508
2025-05-17,3.8908,564781879
2025-05-18,3.36467,853900815
2025-05-19,3.30307,880396458
2025-05-20,3.55008,769289094
2025-05-21,3.53264,780474717
2025-05-22,3.69047,707740881
2025-05-23,3.68889,713856707
2025-05-24,3.51421,798200586
2025-05-25,3.3363,882638181
2025-05-26,3.58106,763531731
2025-05-27,3.78603,662720615
2025-05-28,3.65344,719963344
2025-05-29,3.62795,732937347
2025-05-30,3.79473,633410875
2025-05-31,3.80203,629753675
2025-06-01,3.85424,606192303
2025-06-02,3.97005,558209218
2025-06-03,4.09938,513026858
2025-06-04,4.24617,450693139
2025-06-05,3.70138,697981313
2025-06-06,3.75457,673365637
2025-06-07,3.73647,683054632
2025-06-08,3.85597,627943361
2025-06-09,4.59845,205428112
2025-06-10,4.22642,391779593
2025-06-11,4.01235,509988846
2025-06-12,3.72711,661155261
2025-06-13,3.70399,671792896
2025-06-14,3.65445,771785033
2025-06-15,3.70534,747152827
2025-06-16,3.19709,1096541596
2025-06-17,3.23055,1076424844
2025-06-18,3.18621,1101102604
2025-06-19,3.24646,1070186022
2025-06-20,3.209,1091396505
2025-06-21,3.35828,1011022854
2025-06-22,5.71799,297462838
2025-06-23,3.57221,843903780
2025-06-24,3.55655,850080792
2025-06-25,3.30364,1046707412
2025-06-26,3.15044,1133338256
2025-06-27,2.69908,1504637872
2025-06-28,2.74527,1475335448
2025-06-29,2.75706,1463517379
2025-06-30,2.87971,1378232424
2025-07-01,3.06261,1244612990
2025-07-02,3.21758,1151844567
2025-07-03,3.44268,1029177213
2025-07-04,3.28451,1127453131
2025-07-05,3.36718,1097849306
2025-07-06,3.50172,1020472671
2025-07-07,3.48063,1033348958
2025-07-08,3.46023,1048361242
2025-07-09,3.73008,883892371
2025-07-10,3.98712,735295402
2025-07-11,4.24099,588793266
2025-07-12,4.15581,638401003
2025-07-13,4.08981,701079534
2025-07-14,3.74966,942791856
2025-07-15,3.57941,1053853744
2025-07-16,4.68996,387286054
2025-07-17,4.38625,483042870
2025-07-18,3.58285,997329773
2025-07-19,3.41325,1163813691
2025-07-20,3.00886,1591170356
2025-07-21,3.13539,1547014642
2025-07-22,3.29971,1426676584
2025-07-23,3.21554,1524385556
2025-07-24,3.19339,1545682511
2025-07-25,2.95274,1767117665
2025-07-26,3.0358,1703380777
2025-07-27,3.13318,1675692981
2025-07-28,3.29914,1534052430
2025-07-29,3.32361,1519030583
2025-07-30,3.68139,1235906275
2025-07-31,3.84513,1116942616
2025-08-01,3.51345,1401328340
2025-08-02,3.48626,1425107135
2025-08-03,3.99985,1007981937
2025-08-04,3.61445,1409141777
2025-08-05,3.43041,1628582212
2025-08-06,3.68247,1394117121
2025-08-07,3.61248,1515746091
2025-08-08,3.77975,1343123478
2025-08-09,4.09168,1062303116
2025-08-10,4.21354,955419212
2025-08-11,4.06303,1119379837
2025-08-12,4.85737,627264725
2025-08-13,5.13701,428631290
2025-08-14,5.38463,494261013
2025-08-15,5.43609,430630314
2025-08-16,5.37523,463783089
2025-08-17,8.99147,264764475
2025-08-18,5.49343,373108531
2025-08-19,5.36452,437079535
2025-08-20,5.4749,358993564
2025-08-21,5.27236,464052542
2025-08-22,4.99735,618982506
2025-08-23,4.40677,1012242517
2025-08-24,4.11569,1259577999
2025-08-25,3.94315,1426366412
2025-08-26,4.20355,1239035421
2025-08-27,4.24711,1205763985
2025-08-28,4.06395,1455198697
2025-08-29,3.67217,1835254232
2025-08-30,4.00371,1514192873
2025-08-31,4.24848,1300912853
2025-09-01,4.26624,1288039142
2025-09-02,6.16872,467159843
2025-09-03,4.50261,1092258628
2025-09-04,4.58345,1042507451
2025-09-05,4.60559,1032867024
2025-09-06,4.59828,1037352010
2025-09-07,3.7948,1727608245
2025-09-08,3.94835,1583596126
2025-09-09,4.28594,1332491956
2025-09-10,4.29513,1323869960
2025-09-11,4.53986,1152478927
2025-09-12,4.62748,1106095960
2025-09-13,4.70586,1053203869
2025-09-14,4.81696,978313325
2025-09-15,4.61923,1114260781
2025-09-16,8.88732,383876740
2025-09-17,4.89021,879183787
2025-09-18,4.99024,844266849
2025-09-19,5.0543,819051001
2025-09-20,4.40574,1389660506
2025-09-21,4.48082,1331671228
2025-09-22,4.69724,1114838546
2025-09-23,5.3622,602669176
2025-09-24,4.83805,966451025
2025-09-25,4.59581,1089641469
2025-09-26,5.1019,670121906
2025-09-27,4.86044,805577078
2025-09-28,4.76636,851431718
2025-09-29,4.35573,1127127597
2025-09-30,4.54738,983175099
2025-10-01,4.70164,874057205
2025-10-02,4.67415,886770134
2025-10-03,4.69363,886458079
2025-10-04,4.47393,1029819236
2025-10-05,3.94644,1414297232
2025-10-06,3.71583,1635222892
2025-10-07,3.60225,1786121916
2025-10-08,4.69337,883455688
2025-10-09,4.75824,819073961
2025-10-10,4.5351,935687071
2025-10-11,4.89587,691172568
2025-10-12,4.70167,797615789
2025-10-13,4.21979,1107627196
2025-10-14,3.96007,1288803068
2025-10-15,3.7654,1453052627
2025-10-16,3.73648,1453930756
2025-10-17,3.78649,1402926363
2025-10-18,3.64517,1515707693
2025-10-19,3.9225,1288832975
2025-10-20,3.74424,1411598634
2025-10-21,3.01357,2132428845
2025-10-22,4.93666,643047365
2025-10-23,4.18438,1161303857
2025-10-24,3.78464,1210551899
2025-10-25,3.68924,1278708195
2025-10-26,3.51478,1432488638
2025-10-27,3.75999,1245181931
2025-10-28,3.83995,1184759529
2025-10-29,3.73021,1275604054
2025-10-30,3.63023,1346586912
2025-10-31,3.46319,1484284127
2025-11-01,3.22206,1718374991
2025-11-02,3.44157,1538922930
2025-11-03,3.69338,1306622247
2025-11-04,3.6189,1307546314
2025-11-05,5.63856,384975622
2025-11-06,4.96107,417992257
2025-11-07,4.87808,441570698
2025-11-08,4.70794,524676710
2025-11-09,4.70669,526285007
2025-11-10,4.72438,525525669
2025-11-11,4.87383,452610807
2025-11-12,4.32084,763583716
2025-11-13,3.17145,1692420785
2025-11-14,3.21825,1664727272
2025-11-15,3.22127,1665964026
2025-11-16,9.11681,222805435
2025-11-17,4.35652,740312844
2025-11-18,3.52731,1321987303
2025-11-19,3.44627,1383421621
2025-11-20,2.94458,1886023654
2025-11-21,3.10495,1687238745
2025-11-22,3.12309,1663893335
2025-11-23,3.22844,1566266936
2025-11-24,3.2306,1569021375
2025-11-25,3.27407,1534736411
2025-11-26,3.01413,1526593331
2025-11-27,2.94779,1579891878
2025-11-28,3.07541,1483257352
2025-11-29,3.11967,1448635282
2025-11-30,3.08142,1479600160
2025-12-01,3.03829,1556280363
2025-12-02,4.48182,457025123
2025-12-03,4.28537,571512713
2025-12-04,4.33159,543003658
2025-12-05,3.01928,1609585966
2025-12-06,3.03754,1588993923
2025-12-07,2.9923,1627198327
2025-12-08,4.05558,713476589
2025-12-09,4.25107,595393971
2025-12-10,4.2815,577113548
2025-12-11,3.9454,799869095
2025-12-12,3.90364,830753841
2025-12-13,3.88098,847617505
2025-12-14,2.86294,1810073193
2025-12-15,2.92657,1749524326
2025-12-16,2.35205,2245711361
2025-12-17,2.39732,2196223725
2025-12-18,2.42079,2170877821
2025-12-19,2.48974,2079067346
2025-12-20,2.49037,2077485015
2025-12-21,2.43131,2132193199
2025-12-22,2.57494,1993252115
2025-12-23,2.53307,2021493804
2025-12-24,2.45136,2112911211
2025-12-25,2.40875,2173539557
2025-12-26,2.38004,2213235674
